Fund Holdings as of,"12/Mar/2020"
 
Issuer Ticker,Name,Asset Class,Weight (%),Price,Nominal,Market Value,Notional Value,Sector,ISIN,Exchange,Location,Market Currency
"NESN","NESTLE SA","Equity","3.95","85.27","1,737,517","148,163,956","148,163,955.80","Consumer Staples","CH0038863350","Six Swiss Exchange Ag","Switzerland","CHF"
"ROG","ROCHE HOLDING PAR AG","Equity","2.84","259.66","410,879","106,689,409","106,689,409.47","Health Care","CH0012032048","Six Swiss Exchange Ag","Switzerland","CHF"
"NOVN","NOVARTIS AG","Equity","2.47","66.19","1,400,488","92,698,632","92,698,631.74","Health Care","CH0012005267","Six Swiss Exchange Ag","Switzerland","CHF"
"HSBA","HSBC HOLDINGS PLC","Equity","1.61","5.03","12,014,939","60,456,355","60,456,355.12","Financials","GB0005405286","London Stock Exchange","United Kingdom","GBP"
"SAP","SAP","Equity","1.54","90.90","636,627","57,869,394","57,869,394.30","Information Technology","DE0007164600","Xetra","Germany","EUR"
"AZN","ASTRAZENECA PLC","Equity","1.46","71.46","767,273","54,828,381","54,828,381.39","Health Care","GB0009895292","London Stock Exchange","United Kingdom","GBP"
"ASML","ASML HOLDING NV","Equity","1.45","218.40","248,627","54,300,137","54,300,136.80","Information Technology","NL0010273215","Euronext Amsterdam","Netherlands","EUR"
"NOVO B","NOVO NORDISK CLASS B","Equity","1.30","48.44","1,007,249","48,790,553","48,790,553.26","Health Care","DK0060534915","Omx Nordic Exchange Copenhagen A/S","Denmark","DKK"
"SAN","SANOFI SA","Equity","1.30","73.44","662,104","48,624,918","48,624,917.76","Health Care","FR0000120578","Nyse Euronext - Euronext Paris","France","EUR"
"MC","LVMH","Equity","1.25","301.50","156,101","47,064,452","47,064,451.50","Consumer Discretionary","FR0000121014","Nyse Euronext - Euronext Paris","France","EUR"
"LIN","LINDE PLC","Equity","1.24","144.35","322,547","46,559,659","46,559,659.45","Materials","IE00BZ12WP82","Xetra","United States","EUR"
"GSK","GLAXOSMITHKLINE PLC","Equity","1.23","15.90","2,913,812","46,319,634","46,319,634.45","Health Care","GB0009252882","London Stock Exchange","United Kingdom","GBP"
"FP","TOTAL SA","Equity","1.10","26.38","1,559,152","41,130,430","41,130,429.76","Energy","FR0000120271","Nyse Euronext - Euronext Paris","France","EUR"
"BATS","BRITISH AMERICAN TOBACCO PLC","Equity","1.05","29.26","1,343,019","39,291,050","39,291,050.09","Consumer Staples","GB0002875804","London Stock Exchange","United Kingdom","GBP"
"BP.","BP PLC","Equity","0.98","3.11","11,828,362","36,813,595","36,813,595.23","Energy","GB0007980591","London Stock Exchange","United Kingdom","GBP"
"DGE","DIAGEO PLC","Equity","0.98","26.89","1,368,084","36,788,335","36,788,334.93","Consumer Staples","GB0002374006","London Stock Exchange","United Kingdom","GBP"
"UNA","UNILEVER NV","Equity","0.97","42.75","849,007","36,295,049","36,295,049.25","Consumer Staples","NL0000388619","Euronext Amsterdam","Netherlands","EUR"
"ALV","ALLIANZ","Equity","0.95","146.50","243,159","35,622,794","35,622,793.50","Financials","DE0008404005","Xetra","Germany","EUR"
"SIE","SIEMENS N AG","Equity","0.87","69.59","466,334","32,452,183","32,452,183.06","Industrials","DE0007236101","Xetra","Germany","EUR"
"RDSA","ROYAL DUTCH SHELL PLC","Equity","0.84","12.97","2,441,760","31,679,394","31,679,394.24","Energy","GB00B03MLX29","Euronext Amsterdam","United Kingdom","EUR"
"OR","LOREAL SA","Equity","0.80","213.00","141,359","30,109,467","30,109,467.00","Consumer Staples","FR0000120321","Nyse Euronext - Euronext Paris","France","EUR"
"ULVR","UNILEVER PLC","Equity","0.79","43.59","680,224","29,650,552","29,650,552.12","Consumer Staples","GB00B10RZP78","London Stock Exchange","United Kingdom","GBP"
"AI","AIR LIQUIDE SA","Equity","0.74","100.30","278,010","27,884,403","27,884,403.00","Materials","FR0000120073","Nyse Euronext - Euronext Paris","France","EUR"
"IBE","IBERDROLA SA","Equity","0.73","8.15","3,379,802","27,552,146","27,552,145.90","Utilities","ES0144580Y14","Bolsa De Madrid","Spain","EUR"
"BAYN","BAYER AG","Equity","0.70","48.20","543,279","26,188,764","26,188,764.20","Health Care","DE000BAY0017","Xetra","Germany","EUR"
"RB.","RECKITT BENCKISER GROUP PLC","Equity","0.67","58.28","428,324","24,964,943","24,964,942.51","Consumer Staples","GB00B24CGK77","London Stock Exchange","United Kingdom","GBP"
"AIR","AIRBUS GROUP","Equity","0.64","71.36","334,571","23,874,987","23,874,986.56","Industrials","NL0000235190","Nyse Euronext - Euronext Paris","France","EUR"
"ZURN","ZURICH INSURANCE GROUP AG","Equity","0.63","271.44","87,113","23,645,998","23,645,998.06","Financials","CH0011075394","Six Swiss Exchange Ag","Switzerland","CHF"
"ENEL","ENEL","Equity","0.63","5.23","4,515,393","23,597,444","23,597,443.82","Utilities","IT0003128367","Borsa Italiana","Italy","EUR"
"SU","SCHNEIDER ELECTRIC","Equity","0.60","70.66","320,455","22,643,350","22,643,350.30","Industrials","FR0000121972","Nyse Euronext - Euronext Paris","France","EUR"
"SAN","BANCO SANTANDER SA","Equity","0.59","2.28","9,686,377","22,070,410","22,070,409.99","Financials","ES0113900J37","Bolsa De Madrid","Spain","EUR"
"BAS","BASF N","Equity","0.58","40.91","534,784","21,878,013","21,878,013.44","Materials","DE000BASF111","Xetra","Germany","EUR"
"DTE","DEUTSCHE TELEKOM N AG","Equity","0.58","11.55","1,882,148","21,746,338","21,746,337.99","Communication","DE0005557508","Xetra","Germany","EUR"
"RIO","RIO TINTO PLC","Equity","0.57","33.59","632,325","21,240,033","21,240,032.70","Materials","GB0007188757","London Stock Exchange","United Kingdom","GBP"
"BNP","BNP PARIBAS SA","Equity","0.55","31.00","671,401","20,813,431","20,813,431.00","Financials","FR0000131104","Nyse Euronext - Euronext Paris","France","EUR"
"DG","VINCI SA","Equity","0.55","63.72","326,543","20,807,320","20,807,319.96","Industrials","FR0000125486","Nyse Euronext - Euronext Paris","France","EUR"
"BN","DANONE SA","Equity","0.54","52.90","381,717","20,192,829","20,192,829.30","Consumer Staples","FR0000120644","Nyse Euronext - Euronext Paris","France","EUR"
"REL","RELX PLC","Equity","0.53","17.01","1,173,171","19,955,896","19,955,895.97","Industrials","GB00B2B0DG97","London Stock Exchange","United Kingdom","GBP"
"NG.","NATIONAL GRID PLC","Equity","0.52","9.46","2,048,611","19,373,535","19,373,534.63","Utilities","GB00BDR05C01","London Stock Exchange","United Kingdom","GBP"
"ADS","ADIDAS N AG","Equity","0.50","173.88","107,131","18,627,938","18,627,938.28","Consumer Discretionary","DE000A1EWWW0","Xetra","Germany","EUR"
"VOD","VODAFONE GROUP PLC","Equity","0.49","1.18","15,524,796","18,262,471","18,262,471.30","Communication","GB00BH4HKS39","London Stock Exchange","United Kingdom","GBP"
"CS","AXA SA","Equity","0.48","14.99","1,209,589","18,126,901","18,126,900.75","Financials","FR0000120628","Nyse Euronext - Euronext Paris","France","EUR"
"ABI","ANHEUSER BUSCH INBEV NV","Equity","0.48","36.93","489,418","18,074,207","18,074,206.74","Consumer Staples","BE0974293251","Nyse Euronext - Euronext Brussels","Belgium","EUR"
"SAF","SAFRAN SA","Equity","0.48","85.56","209,975","17,965,461","17,965,461.00","Industrials","FR0000073272","Nyse Euronext - Euronext Paris","France","EUR"
"EL","ESSILORLUXOTTICA SA","Equity","0.47","101.00","174,500","17,624,500","17,624,500.00","Consumer Discretionary","FR0000121667","Nyse Euronext - Euronext Paris","France","EUR"
"LLOY","LLOYDS BANKING GROUP PLC","Equity","0.46","0.42","41,101,925","17,209,019","17,209,019.46","Financials","GB0008706128","London Stock Exchange","United Kingdom","GBP"
"KER","KERING SA","Equity","0.44","384.50","43,241","16,626,165","16,626,164.50","Consumer Discretionary","FR0000121485","Nyse Euronext - Euronext Paris","France","EUR"
"PHIA","KONINKLIJKE PHILIPS NV","Equity","0.44","30.65","533,031","16,337,400","16,337,400.15","Health Care","NL0000009538","Euronext Amsterdam","Netherlands","EUR"
"ABBN","ABB LTD","Equity","0.42","14.89","1,057,408","15,746,769","15,746,768.80","Industrials","CH0012221716","Six Swiss Exchange Ag","Switzerland","CHF"
"UBSG","UBS GROUP AG","Equity","0.42","7.48","2,104,181","15,731,287","15,731,286.89","Financials","CH0244767585","Six Swiss Exchange Ag","Switzerland","CHF"
"PRU","PRUDENTIAL PLC","Equity","0.41","10.01","1,530,196","15,322,976","15,322,975.53","Financials","GB0007099541","London Stock Exchange","United Kingdom","GBP"
"RI","PERNOD RICARD SA","Equity","0.39","123.80","119,424","14,784,691","14,784,691.20","Consumer Staples","FR0000120693","Nyse Euronext - Euronext Paris","France","EUR"
"CFR","COMPAGNIE FINANCIERE RICHEMONT SA","Equity","0.39","47.65","307,606","14,656,310","14,656,310.42","Consumer Discretionary","CH0210483332","Six Swiss Exchange Ag","Switzerland","CHF"
"EUR","EUR CASH","Cash","0.39","100.00","14,634,408","14,634,408","14,634,408.29","Cash and/or Derivatives","-","-","European Union","EUR"
"MUV2","MUENCHENER RUECKVERSICHERUNGS-GESE","Equity","0.39","170.85","85,067","14,533,697","14,533,696.95","Financials","DE0008430026","Xetra","Germany","EUR"
"ISP","INTESA SANPAOLO","Equity","0.37","1.46","9,606,004","14,051,663","14,051,662.65","Financials","IT0000072618","Borsa Italiana","Italy","EUR"
"ITX","INDUSTRIA DE DISENO TEXTIL INDITEX","Equity","0.36","21.07","649,501","13,684,986","13,684,986.07","Consumer Discretionary","ES0148396007","Bolsa De Madrid","Spain","EUR"
"TSCO","TESCO PLC","Equity","0.36","2.39","5,721,928","13,676,886","13,676,886.23","Consumer Staples","GB0008847096","London Stock Exchange","United Kingdom","GBP"
"LONN","LONZA GROUP AG","Equity","0.36","312.88","43,558","13,628,443","13,628,443.45","Health Care","CH0013841017","Six Swiss Exchange Ag","Switzerland","CHF"
"PRX","PROSUS NV","Equity","0.36","53.98","247,127","13,339,915","13,339,915.46","Consumer Discretionary","NL0013654783","Euronext Amsterdam","Netherlands","EUR"
"LSE","LONDON STOCK EXCHANGE GROUP PLC","Equity","0.35","71.93","183,971","13,233,788","13,233,788.49","Financials","GB00B0SWJX34","London Stock Exchange","United Kingdom","GBP"
"CPG","COMPASS GROUP PLC","Equity","0.35","14.04","935,885","13,144,534","13,144,534.17","Consumer Discretionary","GB00BD6K4575","London Stock Exchange","United Kingdom","GBP"
"DB1","DEUTSCHE BOERSE AG","Equity","0.35","118.05","111,334","13,142,979","13,142,978.70","Financials","DE0005810055","Xetra","Germany","EUR"
"BHP","BHP GROUP PLC","Equity","0.35","10.64","1,230,100","13,083,586","13,083,585.92","Materials","GB00BH0P3Z91","London Stock Exchange","United Kingdom","GBP"
"VNA","VONOVIA SE","Equity","0.34","42.99","296,202","12,733,724","12,733,723.98","Real Estate","DE000A1ML7J1","Xetra","Germany","EUR"
"EXPN","EXPERIAN PLC","Equity","0.34","23.64","532,449","12,588,309","12,588,308.78","Industrials","GB00B19NLV48","London Stock Exchange","United Kingdom","GBP"
"ALC","ALCON AG","Equity","0.33","43.92","285,615","12,545,185","12,545,184.58","Health Care","CH0432492467","Six Swiss Exchange Ag","Switzerland","CHF"
"DAI","DAIMLER AG","Equity","0.33","25.09","489,634","12,287,365","12,287,365.23","Consumer Discretionary","DE0007100000","Xetra","Germany","EUR"
"AD","KONINKLIJKE AHOLD DELHAIZE NV","Equity","0.32","18.73","644,265","12,069,661","12,069,660.51","Consumer Staples","NL0011794037","Euronext Amsterdam","Netherlands","EUR"
"VOW3","VOLKSWAGEN NON-VOTING PREF AG","Equity","0.32","112.26","106,969","12,008,340","12,008,339.94","Consumer Discretionary","DE0007664039","Xetra","Germany","EUR"
"DPW","DEUTSCHE POST AG","Equity","0.32","20.86","574,408","11,982,151","11,982,150.88","Industrials","DE0005552004","Xetra","Germany","EUR"
"GIVN","GIVAUDAN SA","Equity","0.32","2,536.54","4,686","11,886,205","11,886,205.36","Materials","CH0010645932","Six Swiss Exchange Ag","Switzerland","CHF"
"BBVA","BANCO BILBAO VIZCAYA ARGENTARIA SA","Equity","0.31","3.01","3,896,333","11,720,170","11,720,169.66","Financials","ES0113211835","Bolsa De Madrid","Spain","EUR"
"INGA","ING GROEP NV","Equity","0.31","5.16","2,267,815","11,704,193","11,704,193.21","Financials","NL0011821202","Euronext Amsterdam","Netherlands","EUR"
"RMS","HERMES INTERNATIONAL","Equity","0.31","560.00","20,576","11,522,560","11,522,560.00","Consumer Discretionary","FR0000052292","Nyse Euronext - Euronext Paris","France","EUR"
"ORA","ORANGE SA","Equity","0.31","9.61","1,197,484","11,507,821","11,507,821.24","Communication","FR0000133308","Nyse Euronext - Euronext Paris","France","EUR"
"ENGI","ENGIE SA","Equity","0.31","10.54","1,086,485","11,451,552","11,451,551.90","Utilities","FR0010208488","Nyse Euronext - Euronext Paris","France","EUR"
"EOAN","E.ON N","Equity","0.31","8.62","1,328,022","11,447,550","11,447,549.64","Utilities","DE000ENAG999","Xetra","Germany","EUR"
"SREN","SWISS RE AG","Equity","0.30","65.15","172,497","11,238,095","11,238,094.92","Financials","CH0126881561","Six Swiss Exchange Ag","Switzerland","CHF"
"AMS","AMADEUS IT GROUP SA","Equity","0.29","42.99","252,076","10,836,747","10,836,747.24","Information Technology","ES0109067019","Bolsa De Madrid","Spain","EUR"
"CRG","CRH PLC","Equity","0.29","23.11","465,729","10,762,997","10,762,997.19","Materials","IE0001827041","Irish Stock Exchange - All Market","Ireland","EUR"
"KNEBV","KONE","Equity","0.29","45.16","237,410","10,721,436","10,721,435.60","Industrials","FI0009013403","Nasdaq Omx Helsinki Ltd.","Finland","EUR"
"VOLV B","VOLVO CLASS B","Equity","0.28","10.81","978,369","10,574,763","10,574,763.01","Industrials","SE0000115446","Nasdaq Omx Nordic","Sweden","SEK"
"BARC","BARCLAYS PLC","Equity","0.28","1.10","9,483,546","10,466,835","10,466,835.03","Financials","GB0031348658","London Stock Exchange","United Kingdom","GBP"
"TEF","TELEFONICA SA","Equity","0.28","3.80","2,743,647","10,427,230","10,427,230.42","Communication","ES0178430E18","Bolsa De Madrid","Spain","EUR"
"HEIA","HEINEKEN NV","Equity","0.27","73.26","139,391","10,211,785","10,211,784.66","Consumer Staples","NL0000009165","Euronext Amsterdam","Netherlands","EUR"
"ERIC B","ERICSSON B","Equity","0.27","5.60","1,794,699","10,041,572","10,041,572.08","Information Technology","SE0000108656","Nasdaq Omx Nordic","Sweden","SEK"
"AAL","ANGLO AMERICAN PLC","Equity","0.27","13.97","718,697","10,040,438","10,040,438.42","Materials","GB00B1XZS820","London Stock Exchange","United Kingdom","GBP"
"INVE B","INVESTOR B","Equity","0.26","36.70","270,299","9,920,352","9,920,352.39","Financials","SE0000107419","Nasdaq Omx Nordic","Sweden","SEK"
"IFX","INFINEON TECHNOLOGIES AG","Equity","0.26","13.71","721,292","9,890,356","9,890,355.90","Information Technology","DE0006231004","Xetra","Germany","EUR"
"ENI","ENI","Equity","0.26","6.59","1,495,460","9,858,072","9,858,072.32","Energy","IT0003132476","Borsa Italiana","Italy","EUR"
"CSGN","CREDIT SUISSE GROUP AG","Equity","0.26","6.98","1,411,979","9,853,563","9,853,562.53","Financials","CH0012138530","Six Swiss Exchange Ag","Switzerland","CHF"
"ATCO A","ATLAS COPCO CLASS A","Equity","0.26","26.00","376,563","9,791,746","9,791,746.48","Industrials","SE0011166610","Nasdaq Omx Nordic","Sweden","SEK"
"SIKA","SIKA AG","Equity","0.26","130.99","74,707","9,785,846","9,785,846.25","Materials","CH0418792922","Six Swiss Exchange Ag","Switzerland","CHF"
"BA.","BAE SYSTEMS PLC","Equity","0.26","5.70","1,714,786","9,769,539","9,769,539.03","Industrials","GB0002634946","London Stock Exchange","United Kingdom","GBP"
"LHN","LAFARGEHOLCIM LTD","Equity","0.26","32.79","296,394","9,719,459","9,719,459.12","Materials","CH0012214059","Six Swiss Exchange Ag","Switzerland","CHF"
"DSY","DASSAULT SYSTEMES","Equity","0.26","117.80","82,465","9,714,377","9,714,377.00","Information Technology","FR0000130650","Nyse Euronext - Euronext Paris","France","EUR"
"DSV","DSV PANALPINA","Equity","0.26","79.48","121,896","9,688,716","9,688,716.02","Industrials","DK0060079531","Omx Nordic Exchange Copenhagen A/S","Denmark","DKK"
"ADYEN","ADYEN NV","Equity","0.26","708.80","13,601","9,640,389","9,640,388.80","Information Technology","NL0012969182","Euronext Amsterdam","Netherlands","EUR"
"NDA SE","NORDEA BANK","Equity","0.26","5.09","1,891,004","9,617,451","9,617,451.29","Financials","FI4000297767","Nasdaq Omx Nordic","Sweden","SEK"
"ASSA B","ASSA ABLOY B","Equity","0.26","16.34","587,669","9,600,579","9,600,579.08","Industrials","SE0007100581","Nasdaq Omx Nordic","Sweden","SEK"
"VIV","VIVENDI SA","Equity","0.26","18.15","528,829","9,598,246","9,598,246.35","Communication","FR0000127771","Nyse Euronext - Euronext Paris","France","EUR"
"DSM","KONINKILIJKE DSM NV","Equity","0.25","88.94","106,341","9,457,969","9,457,968.54","Materials","NL0000009827","Euronext Amsterdam","Netherlands","EUR"
"ESSITY B","ESSITY CLASS B","Equity","0.25","25.04","372,781","9,334,262","9,334,261.72","Consumer Staples","SE0009922164","Nasdaq Omx Nordic","Sweden","SEK"
"UCG","UNICREDIT","Equity","0.25","7.07","1,304,773","9,219,526","9,219,526.02","Financials","IT0005239360","Borsa Italiana","Italy","EUR"
"GLEN","GLENCORE PLC","Equity","0.24","1.44","6,367,896","9,161,377","9,161,377.48","Materials","JE00B4T3BW64","London Stock Exchange","United Kingdom","GBP"
"RACE","FERRARI NV","Equity","0.24","115.90","76,296","8,842,706","8,842,706.40","Consumer Discretionary","NL0011585146","Borsa Italiana","Italy","EUR"
"G","ASSICURAZIONI GENERALI","Equity","0.24","11.80","747,617","8,818,143","8,818,142.52","Financials","IT0000062072","Borsa Italiana","Italy","EUR"
"WKL","WOLTERS KLUWER NV","Equity","0.23","56.10","157,060","8,811,066","8,811,066.00","Industrials","NL0000395903","Euronext Amsterdam","Netherlands","EUR"
"KRZ","KERRY GROUP PLC","Equity","0.23","96.40","89,645","8,641,778","8,641,778.00","Consumer Staples","IE0004906560","Irish Stock Exchange - All Market","Ireland","EUR"
"VWS","VESTAS WIND SYSTEMS","Equity","0.23","73.49","116,391","8,553,429","8,553,429.01","Industrials","DK0010268606","Omx Nordic Exchange Copenhagen A/S","Denmark","DKK"
"SSE","SSE PLC","Equity","0.22","14.07","597,778","8,412,724","8,412,724.15","Utilities","GB0007908733","London Stock Exchange","United Kingdom","GBP"
"FERG","FERGUSON PLC","Equity","0.22","60.91","135,824","8,273,155","8,273,154.63","Industrials","JE00BJVNSS43","London Stock Exchange","United Kingdom","GBP"
"GEBN","GEBERIT AG","Equity","0.22","378.16","21,860","8,266,629","8,266,628.80","Industrials","CH0030170408","Six Swiss Exchange Ag","Switzerland","CHF"
"BMW","BMW AG","Equity","0.22","44.08","187,513","8,265,573","8,265,573.04","Consumer Discretionary","DE0005190003","Xetra","Germany","EUR"
"COLO B","COLOPLAST B","Equity","0.22","114.76","71,499","8,204,934","8,204,933.54","Health Care","DK0060448595","Omx Nordic Exchange Copenhagen A/S","Denmark","DKK"
"LR","LEGRAND SA","Equity","0.22","52.16","156,280","8,151,565","8,151,564.80","Industrials","FR0010307819","Nyse Euronext - Euronext Paris","France","EUR"
"NOKIA","NOKIA","Equity","0.21","2.39","3,290,323","7,870,453","7,870,452.62","Information Technology","FI0009000681","Nasdaq Omx Helsinki Ltd.","Finland","EUR"
"GBP","GBP CASH","Cash","0.21","113.17","6,950,393","7,866,115","7,866,114.79","Cash and/or Derivatives","-","-","United Kingdom","GBP"
"IMB","IMPERIAL BRANDS PLC","Equity","0.21","15.29","513,412","7,850,048","7,850,047.70","Consumer Staples","GB0004544929","London Stock Exchange","United Kingdom","GBP"
"GLE","SOCIETE GENERALE SA","Equity","0.21","15.55","498,629","7,751,686","7,751,686.43","Financials","FR0000130809","Nyse Euronext - Euronext Paris","France","EUR"
"SAMPO","SAMPO","Equity","0.21","26.61","291,298","7,751,440","7,751,439.78","Financials","FI0009003305","Nasdaq Omx Helsinki Ltd.","Finland","EUR"
"RWE","RWE AG","Equity","0.21","22.95","337,687","7,749,917","7,749,916.65","Utilities","DE0007037129","Xetra","Germany","EUR"
"ML","MICHELIN","Equity","0.21","73.58","105,253","7,744,516","7,744,515.74","Consumer Discretionary","FR0000121261","Nyse Euronext - Euronext Paris","France","EUR"
"SN.","SMITH AND NEPHEW PLC","Equity","0.21","14.93","517,248","7,721,373","7,721,373.26","Health Care","GB0009223206","London Stock Exchange","United Kingdom","GBP"
"SGO","COMPAGNIE DE SAINT GOBAIN SA","Equity","0.20","23.75","323,208","7,676,190","7,676,190.00","Industrials","FR0000125007","Nyse Euronext - Euronext Paris","France","EUR"
"FRE","FRESENIUS SE AND CO KGAA","Equity","0.20","31.90","240,177","7,660,445","7,660,445.42","Health Care","DE0005785604","Xetra","Germany","EUR"
"ORSTED","ORSTED","Equity","0.20","77.05","99,038","7,630,691","7,630,690.68","Utilities","DK0060094928","Omx Nordic Exchange Copenhagen A/S","Denmark","DKK"
"STAN","STANDARD CHARTERED PLC","Equity","0.20","4.73","1,574,835","7,453,668","7,453,667.55","Financials","GB0004082847","London Stock Exchange","United Kingdom","GBP"
"AKZA","AKZO NOBEL NV","Equity","0.20","62.71","117,907","7,393,948","7,393,947.97","Materials","NL0013267909","Euronext Amsterdam","Netherlands","EUR"
"SAND","SANDVIK","Equity","0.20","11.44","642,208","7,347,927","7,347,927.02","Industrials","SE0000667891","Nasdaq Omx Nordic","Sweden","SEK"
"UPM","UPM-KYMMENE","Equity","0.19","23.29","311,572","7,256,512","7,256,511.88","Materials","FI0009005987","Nasdaq Omx Helsinki Ltd.","Finland","EUR"
"FME","FRESENIUS MEDICAL CARE AG","Equity","0.19","58.80","122,773","7,219,052","7,219,052.40","Health Care","DE0005785802","Xetra","Germany","EUR"
"LGEN","LEGAL AND GENERAL GROUP PLC","Equity","0.19","2.07","3,481,815","7,205,292","7,205,292.04","Financials","GB0005603997","London Stock Exchange","United Kingdom","GBP"
"NESTE","NESTE","Equity","0.19","28.77","250,237","7,199,318","7,199,318.49","Energy","FI0009013296","Nasdaq Omx Helsinki Ltd.","Finland","EUR"
"HEN3","HENKEL & KGAA PREF AG","Equity","0.19","68.50","104,035","7,126,398","7,126,397.50","Consumer Staples","DE0006048432","Xetra","Germany","EUR"
"CAP","CAPGEMINI","Equity","0.19","72.22","97,955","7,074,310","7,074,310.10","Information Technology","FR0000125338","Nyse Euronext - Euronext Paris","France","EUR"
"AV.","AVIVA PLC","Equity","0.19","3.08","2,286,542","7,038,806","7,038,806.38","Financials","GB0002162385","London Stock Exchange","United Kingdom","GBP"
"KBC","KBC GROEP","Equity","0.18","44.99","152,077","6,841,944","6,841,944.23","Financials","BE0003565737","Nyse Euronext - Euronext Brussels","Belgium","EUR"
"MRK","MERCK","Equity","0.18","89.58","75,505","6,763,738","6,763,737.90","Health Care","DE0006599905","Xetra","Germany","EUR"
"STM","STMICROELECTRONICS NV","Equity","0.18","17.38","385,385","6,697,991","6,697,991.30","Information Technology","NL0000226223","Borsa Italiana","France","EUR"
"PGHN","PARTNERS GROUP HOLDING AG","Equity","0.18","604.95","11,069","6,696,150","6,696,149.64","Financials","CH0024608827","Six Swiss Exchange Ag","Switzerland","CHF"
"SCMN","SWISSCOM AG","Equity","0.17","441.27","14,755","6,510,913","6,510,912.92","Communication","CH0008742519","Six Swiss Exchange Ag","Switzerland","CHF"
"DWNI","DEUTSCHE WOHNEN","Equity","0.17","32.80","195,420","6,409,776","6,409,776.00","Real Estate","DE000A0HN5C6","Xetra","Germany","EUR"
"SLHN","SWISS LIFE HOLDING AG","Equity","0.17","318.94","19,961","6,366,272","6,366,271.83","Financials","CH0014852781","Six Swiss Exchange Ag","Switzerland","CHF"
"SHB A","SVENSKA HANDELSBANKEN-A SHS","Equity","0.17","7.20","883,110","6,357,491","6,357,491.31","Financials","SE0007100599","Nasdaq Omx Nordic","Sweden","SEK"
"BT.A","BT GROUP PLC","Equity","0.17","1.21","5,198,350","6,313,891","6,313,891.47","Communication","GB0030913577","London Stock Exchange","United Kingdom","GBP"
"FER","FERROVIAL SA","Equity","0.17","20.20","312,436","6,311,207","6,311,207.20","Industrials","ES0118900010","Bolsa De Madrid","Spain","EUR"
"REP","REPSOL SA","Equity","0.17","7.21","872,863","6,291,597","6,291,596.50","Energy","ES0173516115","Bolsa De Madrid","Spain","EUR"
"VIE","VEOLIA ENVIRON. SA","Equity","0.17","19.00","330,095","6,271,805","6,271,805.00","Utilities","FR0000124141","Nyse Euronext - Euronext Paris","France","EUR"
"GMAB","GENMAB","Equity","0.16","162.18","37,926","6,150,777","6,150,777.09","Health Care","DK0010272202","Omx Nordic Exchange Copenhagen A/S","Denmark","DKK"
"SY1","SYMRISE AG","Equity","0.16","81.24","74,723","6,070,497","6,070,496.52","Materials","DE000SYM9999","Xetra","Germany","EUR"
"TEP","TELEPERFORMANCE","Equity","0.16","174.80","34,464","6,024,307","6,024,307.20","Industrials","FR0000051807","Nyse Euronext - Euronext Paris","France","EUR"
"CARL B","CARLSBERG AS CL B","Equity","0.16","95.75","61,861","5,923,489","5,923,489.12","Consumer Staples","DK0010181759","Omx Nordic Exchange Copenhagen A/S","Denmark","DKK"
"HEXA B","HEXAGON B","Equity","0.16","35.90","163,666","5,876,124","5,876,124.45","Information Technology","SE0000103699","Nasdaq Omx Nordic","Sweden","SEK"
"DBK","DEUTSCHE BANK AG","Equity","0.16","4.87","1,205,565","5,872,307","5,872,307.12","Financials","DE0005140008","Xetra","Germany","EUR"
"SEB A","SKANDINAVISKA ENSKILDA BANKEN","Equity","0.16","6.24","935,182","5,839,972","5,839,971.84","Financials","SE0000148884","Nasdaq Omx Nordic","Sweden","SEK"
"WDI","WIRECARD AG","Equity","0.15","85.86","67,298","5,778,206","5,778,206.28","Information Technology","DE0007472060","Xetra","Germany","EUR"
"SOON","SONOVA HOLDING AG","Equity","0.15","179.67","32,156","5,777,382","5,777,382.42","Health Care","CH0012549785","Six Swiss Exchange Ag","Switzerland","CHF"
"SGSN","SGS SA","Equity","0.15","1,941.44","2,974","5,773,810","5,773,809.51","Industrials","CH0002497458","Six Swiss Exchange Ag","Switzerland","CHF"
"RR.","ROLLS-ROYCE HOLDINGS PLC","Equity","0.15","5.11","1,120,572","5,722,157","5,722,157.26","Industrials","GB00B63H8491","London Stock Exchange","United Kingdom","GBP"
"SWED A","SWEDBANK","Equity","0.15","10.55","541,711","5,715,947","5,715,946.62","Financials","SE0000242455","Nasdaq Omx Nordic","Sweden","SEK"
"URW","UNIBAIL RODAMCO WE STAPLED UNITS N","Equity","0.15","70.50","80,981","5,709,161","5,709,160.50","Real Estate","FR0013326246","Euronext Amsterdam","France","EUR"
"EQNR","EQUINOR","Equity","0.15","8.79","643,157","5,652,829","5,652,829.06","Energy","NO0010096985","Oslo Bors Asa","Norway","NOK"
"UCB","UCB SA","Equity","0.15","75.60","73,876","5,585,026","5,585,025.60","Health Care","BE0003739530","Nyse Euronext - Euronext Brussels","Belgium","EUR"
"HM B","HENNES & MAURITZ","Equity","0.15","12.10","451,405","5,463,033","5,463,033.08","Consumer Discretionary","SE0000106270","Nasdaq Omx Nordic","Sweden","SEK"
"SGRO","SEGRO REIT PLC","Equity","0.14","8.31","637,083","5,292,282","5,292,282.37","Real Estate","GB00B5ZN1N88","London Stock Exchange","United Kingdom","GBP"
"CLNX","CELLNEX TELECOM SA","Equity","0.14","35.56","146,343","5,203,957","5,203,957.08","Communication","ES0105066007","Bolsa De Madrid","Spain","EUR"
"AHT","ASHTEAD GROUP PLC","Equity","0.14","19.26","269,609","5,191,792","5,191,791.83","Industrials","GB0000536739","London Stock Exchange","United Kingdom","GBP"
"RTO","RENTOKIL INITIAL PLC","Equity","0.14","4.78","1,077,201","5,148,358","5,148,358.26","Industrials","GB00B082RF11","London Stock Exchange","United Kingdom","GBP"
"EDP","EDP ENERGIAS DE PORTUGAL SA","Equity","0.14","3.48","1,481,278","5,147,441","5,147,441.05","Utilities","PTEDP0AM0009","Nyse Euronext - Euronext Lisbon","Portugal","EUR"
"FCA","FIAT CHRYSLER AUTOMOBILES NV","Equity","0.14","7.82","652,118","5,100,215","5,100,214.88","Consumer Discretionary","NL0010877643","Borsa Italiana","Italy","EUR"
"DNB","DNB","Equity","0.14","9.64","527,830","5,085,652","5,085,652.08","Financials","NO0010031479","Oslo Bors Asa","Norway","NOK"
"EDEN","EDENRED SA","Equity","0.13","34.71","142,087","4,931,840","4,931,839.77","Information Technology","FR0010908533","Nyse Euronext - Euronext Paris","France","EUR"
"SWMA","SWEDISH MATCH","Equity","0.13","49.18","98,876","4,862,710","4,862,709.75","Consumer Staples","SE0000310336","Nasdaq Omx Nordic","Sweden","SEK"
"BEI","BEIERSDORF AG","Equity","0.13","84.52","57,504","4,860,238","4,860,238.08","Consumer Staples","DE0005200000","Xetra","Germany","EUR"
"MTX","MTU AERO ENGINES HOLDING AG","Equity","0.13","160.00","30,347","4,855,520","4,855,520.00","Industrials","DE000A0D9PT0","Xetra","Germany","EUR"
"ACA","CREDIT AGRICOLE SA","Equity","0.13","6.59","735,614","4,850,639","4,850,638.72","Financials","FR0000045072","Nyse Euronext - Euronext Paris","France","EUR"
"NZYM B","NOVOZYMES B","Equity","0.13","38.31","125,988","4,826,595","4,826,594.98","Materials","DK0060336014","Omx Nordic Exchange Copenhagen A/S","Denmark","DKK"
"QIA","QIAGEN NV","Equity","0.13","35.46","134,328","4,763,271","4,763,270.88","Health Care","NL0012169213","Xetra","Germany","EUR"
"ITRK","INTERTEK GROUP PLC","Equity","0.12","49.65","94,318","4,682,881","4,682,881.30","Industrials","GB0031638363","London Stock Exchange","United Kingdom","GBP"
"TEL","TELENOR","Equity","0.12","12.32","377,894","4,655,753","4,655,752.62","Communication","NO0010063308","Oslo Bors Asa","Norway","NOK"
"WPP","WPP PLC","Equity","0.12","6.29","736,135","4,632,156","4,632,156.14","Communication","JE00B8KF9B49","London Stock Exchange","United Kingdom","GBP"
"HO","THALES SA","Equity","0.12","74.06","62,087","4,598,163","4,598,163.22","Industrials","FR0000121329","Nyse Euronext - Euronext Paris","France","EUR"
"III","3I GROUP PLC","Equity","0.12","8.07","567,225","4,579,725","4,579,725.00","Financials","GB00B1YW4409","London Stock Exchange","United Kingdom","GBP"
"HLMA","HALMA PLC","Equity","0.12","20.50","221,181","4,533,329","4,533,328.59","Information Technology","GB0004052071","London Stock Exchange","United Kingdom","GBP"
"SCHP","SCHINDLER HOLDING PAR AG","Equity","0.12","188.89","23,974","4,528,496","4,528,495.56","Industrials","CH0024638196","Six Swiss Exchange Ag","Switzerland","CHF"
"MRO","MELROSE INDUSTRIES PLC","Equity","0.12","1.60","2,832,690","4,525,128","4,525,127.95","Industrials","GB00BZ1G4322","London Stock Exchange","United Kingdom","GBP"
"PSN","PERSIMMON PLC","Equity","0.12","24.25","185,697","4,503,789","4,503,788.53","Consumer Discretionary","GB0006825383","London Stock Exchange","United Kingdom","GBP"
"AENA","AENA SME SA","Equity","0.12","103.75","42,873","4,448,074","4,448,073.75","Industrials","ES0105046009","Bolsa De Madrid","Spain","EUR"
"STMN","STRAUMANN HOLDING AG","Equity","0.12","663.61","6,633","4,401,694","4,401,694.43","Health Care","CH0012280076","SIX Swiss Exchange","Switzerland","CHF"
"SPSN","SWISS PRIME SITE AG","Equity","0.12","98.68","44,603","4,401,417","4,401,416.93","Real Estate","CH0008038389","SIX Swiss Exchange","Switzerland","CHF"
"ABF","ASSOCIATED BRITISH FOODS PLC","Equity","0.12","20.97","209,844","4,399,524","4,399,524.13","Consumer Staples","GB0006731235","London Stock Exchange","United Kingdom","GBP"
"LISN","CHOCOLADEFABRIKEN LINDT & SPRUENGL","Equity","0.12","69,634.33","63","4,386,948","4,386,948.08","Consumer Staples","CH0010570759","SIX Swiss Exchange","Switzerland","CHF"
"TKWY","JUST EAT TAKEAWA NV","Equity","0.11","62.30","69,054","4,302,064","4,302,064.20","Consumer Discretionary","NL0012015705","Euronext Amsterdam","Netherlands","EUR"
"TELIA","TELIA COMPANY","Equity","0.11","2.85","1,510,745","4,301,259","4,301,259.16","Communication","SE0000667925","Nasdaq Omx Nordic","Sweden","SEK"
"INF","INFORMA PLC","Equity","0.11","5.85","729,585","4,265,611","4,265,610.83","Communication","GB00BMJ6DW54","London Stock Exchange","United Kingdom","GBP"
"GRF","GRIFOLS SA CLASS A","Equity","0.11","24.82","171,724","4,262,190","4,262,189.68","Health Care","ES0171996087","Bolsa De Madrid","Spain","EUR"
"ALO","ALSTOM SA","Equity","0.11","38.10","111,138","4,234,358","4,234,357.80","Industrials","FR0010220475","Nyse Euronext - Euronext Paris","France","EUR"
"EN","BOUYGUES SA","Equity","0.11","24.88","169,999","4,229,575","4,229,575.12","Industrials","FR0000120503","Nyse Euronext - Euronext Paris","France","EUR"
"OCDO","OCADO GROUP PLC","Equity","0.11","12.19","346,838","4,227,594","4,227,594.34","Consumer Discretionary","GB00B3MBS747","London Stock Exchange","United Kingdom","GBP"
"DANSKE","DANSKE BANK","Equity","0.11","10.41","399,049","4,152,148","4,152,147.82","Financials","DK0010274414","Omx Nordic Exchange Copenhagen A/S","Denmark","DKK"
"KRX","KINGSPAN GROUP PLC","Equity","0.11","45.74","90,746","4,150,722","4,150,722.04","Industrials","IE0004927939","Irish Stock Exchange - All Market","Ireland","EUR"
"CA","CARREFOUR SA","Equity","0.11","12.32","336,164","4,143,221","4,143,221.30","Consumer Staples","FR0000120172","Nyse Euronext - Euronext Paris","France","EUR"
"USD","USD CASH","Cash","0.11","90.24","4,590,836","4,142,793","4,142,792.93","Cash and/or Derivatives","-","-","United States","USD"
"SGE","SAGE GROUP PLC","Equity","0.11","6.34","652,857","4,137,681","4,137,681.18","Information Technology","GB00B8C3BL03","London Stock Exchange","United Kingdom","GBP"
"IHG","INTERCONTINENTAL HOTELS GROUP PLC","Equity","0.11","37.70","109,721","4,136,952","4,136,952.23","Consumer Discretionary","GB00BHJYC057","London Stock Exchange","United Kingdom","GBP"
"DHER","DELIVERY HERO","Equity","0.11","57.86","71,083","4,112,862","4,112,862.38","Consumer Discretionary","DE000A2E4K43","Xetra","Germany","EUR"
"CON","CONTINENTAL AG","Equity","0.11","64.62","62,989","4,070,349","4,070,349.18","Consumer Discretionary","DE0005439004","Xetra","Germany","EUR"
"HNR1","HANNOVER RUECK","Equity","0.11","115.50","34,956","4,037,418","4,037,418.00","Financials","DE0008402215","Xetra","Germany","EUR"
"EQT","EQT","Equity","0.11","9.54","423,072","4,035,166","4,035,166.38","Financials","SE0012853455","Nasdaq Omx Nordic","Sweden","SEK"
"MOWI","MOWI","Equity","0.11","15.03","268,260","4,031,310","4,031,309.74","Consumer Staples","NO0003054108","Oslo Bors Asa","Norway","NOK"
"NN","NN GROUP NV","Equity","0.11","21.58","186,002","4,013,923","4,013,923.16","Financials","NL0010773842","Euronext Amsterdam","Netherlands","EUR"
"KNIN","KUEHNE UND NAGEL INTERNATIONAL AG","Equity","0.11","120.96","32,668","3,951,549","3,951,549.35","Industrials","CH0025238863","Six Swiss Exchange Ag","Switzerland","CHF"
"AT1","AROUNDTOWN PROPERTY HOLDINGS SA","Equity","0.10","5.70","689,376","3,929,443","3,929,443.20","Real Estate","LU1673108939","Xetra","Germany","EUR"
"FGR","EIFFAGE SA","Equity","0.10","67.68","57,380","3,883,478","3,883,478.40","Industrials","FR0000130452","Nyse Euronext - Euronext Paris","France","EUR"
"TEMN","TEMENOS AG","Equity","0.10","102.32","37,862","3,874,130","3,874,130.15","Information Technology","CH0012453913","Six Swiss Exchange Ag","Switzerland","CHF"
"SRG","SNAM","Equity","0.10","3.18","1,216,849","3,870,797","3,870,796.67","Utilities","IT0003153415","Borsa Italiana","Italy","EUR"
"ELISA","ELISA","Equity","0.10","44.12","87,710","3,869,765","3,869,765.20","Communication","FI0009007884","Nasdaq Omx Helsinki Ltd.","Finland","EUR"
"TRN","TERNA RETE ELETTRICA NAZIONALE","Equity","0.10","4.71","820,384","3,865,649","3,865,649.41","Utilities","IT0003242622","Borsa Italiana","Italy","EUR"
"NXT","NEXT PLC","Equity","0.10","49.65","77,727","3,859,139","3,859,139.45","Consumer Discretionary","GB0032089863","London Stock Exchange","United Kingdom","GBP"
"UG","PEUGEOT SA","Equity","0.10","11.56","333,987","3,859,220","3,859,219.78","Consumer Discretionary","FR0000121501","Nyse Euronext - Euronext Paris","France","EUR"
"LEG","LEG IMMOBILIEN N AG","Equity","0.10","93.82","40,741","3,822,321","3,822,320.62","Real Estate","DE000LEG1110","Xetra","Germany","EUR"
"MNDI","MONDI PLC","Equity","0.10","14.71","258,671","3,805,766","3,805,765.51","Materials","GB00B1CRLC47","London Stock Exchange","United Kingdom","GBP"
"RBS","ROYAL BANK OF SCOTLAND GROUP PLC","Equity","0.10","1.42","2,672,051","3,801,290","3,801,289.56","Financials","GB00B7T77214","London Stock Exchange","United Kingdom","GBP"
"KPN","KONINKLIJKE KPN NV","Equity","0.10","1.85","2,053,889","3,797,641","3,797,640.76","Communication","NL0000009082","Euronext Amsterdam","Netherlands","EUR"
"SPX","SPIRAX-SARCO ENGINEERING PLC","Equity","0.10","87.99","42,952","3,779,503","3,779,503.23","Industrials","GB00BWFGQN14","London Stock Exchange","United Kingdom","GBP"
"BAER","JULIUS BAER GRUPPE AG","Equity","0.10","28.86","130,464","3,764,737","3,764,737.16","Financials","CH0102484968","Six Swiss Exchange Ag","Switzerland","CHF"
"HEIO","HEINEKEN HOLDING NV","Equity","0.10","64.10","58,525","3,751,453","3,751,452.50","Consumer Staples","NL0000008977","Euronext Amsterdam","Netherlands","EUR"
"BDEV","BARRATT DEVELOPMENTS PLC","Equity","0.10","6.28","592,165","3,716,837","3,716,837.14","Consumer Discretionary","GB0000811801","London Stock Exchange","United Kingdom","GBP"
"EBS","ERSTE GROUP BANK AG","Equity","0.10","21.30","174,468","3,716,168","3,716,168.40","Financials","AT0000652011","Wiener Boerse Ag","Austria","EUR"
"BNZL","BUNZL","Equity","0.10","18.86","195,942","3,695,590","3,695,590.03","Industrials","GB00B0744B38","London Stock Exchange","United Kingdom","GBP"
"CABK","CAIXABANK SA","Equity","0.10","1.75","2,089,748","3,663,328","3,663,328.24","Financials","ES0140609019","Bolsa De Madrid","Spain","EUR"
"UU.","UNITED UTILITIES GROUP PLC","Equity","0.10","9.21","396,323","3,650,210","3,650,210.36","Utilities","GB00B39J2M42","London Stock Exchange","United Kingdom","GBP"
"CHR","CHR HANSEN HOLDING","Equity","0.10","60.88","59,895","3,646,635","3,646,634.98","Materials","DK0060227585","Omx Nordic Exchange Copenhagen A/S","Denmark","DKK"
"UMI","UMICORE SA","Equity","0.10","30.65","118,584","3,634,600","3,634,599.60","Materials","BE0974320526","Nyse Euronext - Euronext Brussels","Belgium","EUR"
"PAH3","PORSCHE AUTOMOBIL HOLDING PREF","Equity","0.10","40.47","89,542","3,623,765","3,623,764.74","Consumer Discretionary","DE000PAH0038","Xetra","Germany","EUR"
"GLPG","GALAPAGOS NV","Equity","0.10","143.65","25,168","3,615,383","3,615,383.20","Health Care","BE0003818359","Euronext Amsterdam","Belgium","EUR"
"FLTR","FLUTTER ENTERTAINMENT PLC","Equity","0.10","76.80","47,051","3,613,517","3,613,516.80","Consumer Discretionary","IE00BWT6H894","Irish Stock Exchange - All Market","Ireland","EUR"
"CSSE","CASH COLLATERAL EUR CSFBI","Cash Collateral and Margins","0.10","100.00","3,612,170","3,612,170","3,612,170.00","Cash and/or Derivatives","-","-","European Union","EUR"
"GFC","GECINA REIT SA","Equity","0.09","128.00","27,781","3,555,968","3,555,968.00","Real Estate","FR0010040865","Nyse Euronext - Euronext Paris","France","EUR"
"REE","RED ELECTRICA SA","Equity","0.09","13.12","271,133","3,555,909","3,555,909.29","Utilities","ES0173093024","Bolsa De Madrid","Spain","EUR"
"BRBY","BURBERRY GROUP PLC","Equity","0.09","14.77","239,674","3,541,186","3,541,185.95","Consumer Discretionary","GB0031743007","London Stock Exchange","United Kingdom","GBP"
"CRDA","CRODA INTERNATIONAL PLC","Equity","0.09","46.11","76,793","3,540,736","3,540,736.36","Materials","GB00BJFFLV09","London Stock Exchange","United Kingdom","GBP"
"SRT3","SARTORIUS PREF AG","Equity","0.09","177.90","19,884","3,537,364","3,537,363.60","Health Care","DE0007165631","Xetra","Germany","EUR"
"ING","INGENICO GROUP SA","Equity","0.09","100.20","35,216","3,528,643","3,528,643.20","Information Technology","FR0000125346","Nyse Euronext - Euronext Paris","France","EUR"
"FORTUM","FORTUM","Equity","0.09","13.73","254,804","3,498,459","3,498,458.92","Utilities","FI0009007132","Nasdaq Omx Helsinki Ltd.","Finland","EUR"
"SVT","SEVERN TRENT PLC","Equity","0.09","24.84","140,337","3,486,243","3,486,242.91","Utilities","GB00B1FH8J72","London Stock Exchange","United Kingdom","GBP"
"BALN","BALOISE HOLDING AG","Equity","0.09","120.35","28,619","3,444,179","3,444,178.86","Financials","CH0012410517","SIX Swiss Exchange","Switzerland","CHF"
"TW.","TAYLOR WIMPEY PLC","Equity","0.09","1.77","1,905,485","3,378,212","3,378,211.73","Consumer Discretionary","GB0008782301","London Stock Exchange","United Kingdom","GBP"
"AGS","AGEAS SA","Equity","0.09","30.72","109,836","3,374,162","3,374,161.92","Financials","BE0974264930","Nyse Euronext - Euronext Brussels","Belgium","EUR"
"G24","SCOUT24 N AG","Equity","0.09","51.35","65,418","3,359,214","3,359,214.30","Communication","DE000A12DM80","Xetra","Germany","EUR"
"HEI","HEIDELBERGCEMENT AG","Equity","0.09","38.90","86,284","3,356,448","3,356,447.60","Materials","DE0006047004","Xetra","Germany","EUR"
"UBI","UBISOFT ENTERTAINMENT SA CAT A","Equity","0.09","55.50","60,439","3,354,365","3,354,364.50","Communication","FR0000054470","Nyse Euronext - Euronext Paris","France","EUR"
"SKA B","SKANSKA B","Equity","0.09","15.10","219,764","3,318,006","3,318,005.54","Industrials","SE0000113250","Nasdaq Omx Nordic","Sweden","SEK"
"ADEN","ADECCO GROUP AG","Equity","0.09","34.53","95,162","3,286,250","3,286,249.68","Industrials","CH0012138605","Six Swiss Exchange Ag","Switzerland","CHF"
"PUB","PUBLICIS GROUPE SA","Equity","0.09","25.13","130,364","3,276,047","3,276,047.32","Communication","FR0000130577","Nyse Euronext - Euronext Paris","France","EUR"
"RY4C","RYANAIR HOLDINGS PLC","Equity","0.09","10.35","316,538","3,274,586","3,274,585.61","Industrials","IE00BYTBXV33","Irish Stock Exchange - All Market","Ireland","EUR"
"CNHI","CNH INDUSTRIAL NV","Equity","0.09","5.62","580,686","3,264,617","3,264,616.69","Industrials","NL0010545661","Borsa Italiana","Italy","EUR"
"SLA","STANDARD LIFE ABERDEEN PLC","Equity","0.09","2.32","1,400,001","3,243,375","3,243,374.67","Financials","GB00BF8Q6K64","London Stock Exchange","United Kingdom","GBP"
"LAND","LAND SECURITIES GROUP REIT PLC","Equity","0.08","7.85","404,975","3,177,150","3,177,149.86","Real Estate","GB00BYW0PQ60","London Stock Exchange","United Kingdom","GBP"
"SK3","SMURFIT KAPPA GROUP PLC","Equity","0.08","24.64","128,696","3,171,069","3,171,069.44","Materials","IE00B1RR8406","Irish Stock Exchange - All Market","Ireland","EUR"
"EXO","EXOR NV","Equity","0.08","47.74","66,194","3,160,102","3,160,101.56","Financials","NL0012059018","Borsa Italiana","Italy","EUR"
"ORK","ORKLA","Equity","0.08","6.73","469,231","3,157,677","3,157,677.07","Consumer Staples","NO0003733800","Oslo Bors Asa","Norway","NOK"
"MAERSK B","A P MOLLER MAERSK B","Equity","0.08","773.16","4,071","3,147,523","3,147,523.40","Industrials","DK0010244508","Omx Nordic Exchange Copenhagen A/S","Denmark","DKK"
"TEL2 B","TELE2 B","Equity","0.08","10.82","289,907","3,136,138","3,136,138.08","Communication","SE0005190238","Nasdaq Omx Nordic","Sweden","SEK"
"SW","SODEXO SA","Equity","0.08","62.72","49,786","3,122,578","3,122,577.92","Consumer Discretionary","FR0000121220","Nyse Euronext - Euronext Paris","France","EUR"
"LOGN","LOGITECH INTERNATIONAL SA","Equity","0.08","30.88","100,813","3,113,227","3,113,227.23","Information Technology","CH0025751329","SIX Swiss Exchange","Switzerland","CHF"
"ELE","ENDESA SA","Equity","0.08","16.89","184,278","3,112,455","3,112,455.42","Utilities","ES0130670112","Bolsa De Madrid","Spain","EUR"
"BNR","BRENNTAG AG","Equity","0.08","33.99","89,979","3,058,386","3,058,386.21","Industrials","DE000A1DAHH0","Xetra","Germany","EUR"
"RMV","RIGHTMOVE PLC","Equity","0.08","5.84","522,479","3,050,009","3,050,008.92","Communication","GB00BGDT3G23","London Stock Exchange","United Kingdom","GBP"
"STERV","STORA ENSO CLASS R","Equity","0.08","8.55","356,042","3,042,735","3,042,734.93","Materials","FI0009005961","Nasdaq Omx Helsinki Ltd.","Finland","EUR"
"VIFN","VIFOR PHARMA AG","Equity","0.08","119.73","25,373","3,037,932","3,037,932.36","Health Care","CH0364749348","Six Swiss Exchange Ag","Switzerland","CHF"
"ZAL","ZALANDO","Equity","0.08","31.85","95,165","3,031,005","3,031,005.25","Consumer Discretionary","DE000ZAL1111","Xetra","Germany","EUR"
"BKG","BERKELEY GROUP HOLDINGS (THE) PLC","Equity","0.08","41.21","73,394","3,024,351","3,024,350.83","Consumer Discretionary","GB00B02L3W35","London Stock Exchange","United Kingdom","GBP"
"WLN","WORLDLINE SA","Equity","0.08","52.65","57,308","3,017,266","3,017,266.20","Information Technology","FR0011981968","Nyse Euronext - Euronext Paris","France","EUR"
"NTGY","NATURGY ENERGY SA","Equity","0.08","14.38","209,672","3,015,083","3,015,083.36","Utilities","ES0116870314","Bolsa De Madrid","Spain","EUR"
"BVI","BUREAU VERITAS SA","Equity","0.08","17.59","169,450","2,981,473","2,981,472.75","Industrials","FR0006174348","Nyse Euronext - Euronext Paris","France","EUR"
"EPI A","EPIROC CLASS A","Equity","0.08","8.08","365,423","2,953,891","2,953,890.94","Industrials","SE0011166933","Nasdaq Omx Nordic","Sweden","SEK"
"ATL","ATLANTIA","Equity","0.08","10.81","271,996","2,940,277","2,940,276.76","Industrials","IT0003506190","Borsa Italiana","Italy","EUR"
"DCC","DCC PLC","Equity","0.08","49.12","59,343","2,914,809","2,914,809.38","Industrials","IE0002424939","London Stock Exchange","United Kingdom","GBP"
"MONC","MONCLER","Equity","0.08","26.00","112,048","2,913,248","2,913,248.00","Consumer Discretionary","IT0004965148","Borsa Italiana","Italy","EUR"
"ATO","ATOS","Equity","0.08","51.24","56,612","2,900,799","2,900,798.88","Information Technology","FR0000051732","Nyse Euronext - Euronext Paris","France","EUR"
"GN","GN STORE NORD","Equity","0.08","38.36","75,599","2,900,241","2,900,240.89","Health Care","DK0010272632","Omx Nordic Exchange Copenhagen A/S","Denmark","DKK"
"ADM","ADMIRAL GROUP PLC","Equity","0.08","21.36","135,765","2,899,417","2,899,416.83","Financials","GB00B02J6398","London Stock Exchange","United Kingdom","GBP"
"RSA","RSA INSURANCE GROUP PLC","Equity","0.08","4.82","599,137","2,887,239","2,887,238.96","Financials","GB00BKKMKR23","London Stock Exchange","United Kingdom","GBP"
"MT","ARCELORMITTAL SA","Equity","0.07","7.54","372,661","2,808,001","2,808,000.64","Materials","LU1598757687","Euronext Amsterdam","France","EUR"
"GBLB","GROUPE BRUXELLES LAMBERT NV","Equity","0.07","58.94","47,066","2,774,070","2,774,070.04","Financials","BE0003797140","Nyse Euronext - Euronext Brussels","Belgium","EUR"
"GET","GETLINK","Equity","0.07","10.75","254,087","2,731,435","2,731,435.25","Industrials","FR0010533075","Nyse Euronext - Euronext Paris","France","EUR"
"BARN","BARRY CALLEBAUT AG","Equity","0.07","1,650.98","1,645","2,715,848","2,715,848.03","Consumer Staples","CH0009002962","SIX Swiss Exchange","Switzerland","CHF"
"PKO","POWSZECHNA KASA OSZCZEDNOSCI BANK","Equity","0.07","5.29","512,796","2,713,038","2,713,037.50","Financials","PLPKO0000016","Warsaw Stock Exchange/Equities/Main Market","Poland","PLN"
"YAR","YARA INTERNATIONAL","Equity","0.07","26.81","101,152","2,711,701","2,711,700.98","Materials","NO0010208051","Oslo Bors Asa","Norway","NOK"
"SHL","SIEMENS HEALTHINEERS AG","Equity","0.07","31.02","87,332","2,709,475","2,709,475.30","Health Care","DE000SHL1006","Xetra","Germany","EUR"
"ERF","EUROFINS SCIENTIFIC","Equity","0.07","398.40","6,776","2,699,558","2,699,558.40","Health Care","FR0000038259","Nyse Euronext - Euronext Paris","France","EUR"
"PHNX","PHOENIX GROUP HOLDINGS PLC","Equity","0.07","6.40","418,803","2,678,939","2,678,939.27","Financials","GB00BGXQNP29","London Stock Exchange","United Kingdom","GBP"
"PNN","PENNON GROUP PLC","Equity","0.07","10.95","243,607","2,666,595","2,666,594.52","Utilities","GB00B18V8630","London Stock Exchange","United Kingdom","GBP"
"AUTO","AUTO TRADER GROUP PLC","Equity","0.07","4.92","540,336","2,657,691","2,657,691.44","Communication","GB00BVYVFW23","London Stock Exchange","United Kingdom","GBP"
"ARGX","ARGENX","Equity","0.07","106.50","24,946","2,656,749","2,656,749.00","Health Care","NL0010832176","Nyse Euronext - Euronext Brussels","Belgium","EUR"
"STJ","ST JAMESS PLACE PLC","Equity","0.07","8.57","309,225","2,650,641","2,650,640.51","Financials","GB0007669376","London Stock Exchange","United Kingdom","GBP"
"ACS","ACS ACTIVIDADES DE CONSTRUCCION Y","Equity","0.07","16.55","160,144","2,650,383","2,650,383.20","Industrials","ES0167050915","Bolsa De Madrid","Spain","EUR"
"SMIN","SMITHS GROUP PLC","Equity","0.07","11.50","230,313","2,648,275","2,648,275.07","Industrials","GB00B1WY2338","London Stock Exchange","United Kingdom","GBP"
"UHR","THE SWATCH GROUP AG","Equity","0.07","160.37","16,409","2,631,455","2,631,455.01","Consumer Discretionary","CH0012255151","Six Swiss Exchange Ag","Switzerland","CHF"
"PSON","PEARSON PLC","Equity","0.07","5.79","453,777","2,625,332","2,625,332.15","Communication","GB0006776081","London Stock Exchange","United Kingdom","GBP"
"JMAT","JOHNSON MATTHEY PLC","Equity","0.07","22.69","115,690","2,625,192","2,625,192.35","Materials","GB00BZ4BQC70","London Stock Exchange","United Kingdom","GBP"
"EDF","ELECTRICITE DE FRANCE SA","Equity","0.07","9.04","288,327","2,605,899","2,605,899.43","Utilities","FR0010242511","Nyse Euronext - Euronext Paris","France","EUR"
"MRW","MORRISON(WM.)SUPERMARKETS PLC","Equity","0.07","1.87","1,391,959","2,596,966","2,596,966.38","Consumer Staples","GB0006043169","London Stock Exchange","United Kingdom","GBP"
"SKF B","SKF B","Equity","0.07","11.85","219,021","2,595,391","2,595,391.26","Industrials","SE0000108227","Nasdaq Omx Nordic","Sweden","SEK"
"AKE","ARKEMA SA","Equity","0.07","60.86","41,935","2,552,164","2,552,164.10","Materials","FR0010313833","Nyse Euronext - Euronext Paris","France","EUR"
"MNG","M&G PLC","Equity","0.07","1.68","1,512,744","2,544,106","2,544,105.87","Financials","GB00BKFB1C65","London Stock Exchange","United Kingdom","GBP"
"1COV","COVESTRO AG","Equity","0.07","25.72","98,628","2,536,712","2,536,712.16","Materials","DE0006062144","Xetra","Germany","EUR"
"AC","ACCOR SA","Equity","0.07","22.79","110,936","2,528,231","2,528,231.44","Consumer Discretionary","FR0000120404","Nyse Euronext - Euronext Paris","France","EUR"
"SOLB","SOLVAY SA","Equity","0.07","58.78","42,775","2,514,315","2,514,314.50","Materials","BE0003470755","Nyse Euronext - Euronext Brussels","Belgium","EUR"
"SCA B","SVENSKA CELLULOSA B","Equity","0.07","7.25","345,134","2,502,980","2,502,979.80","Materials","SE0000112724","Nasdaq Omx Nordic","Sweden","SEK"
"FBK","FINECOBANK BANCA FINECO","Equity","0.07","6.92","359,364","2,486,080","2,486,080.15","Financials","IT0000072170","Borsa Italiana","Italy","EUR"
"ALFA","ALFA LAVAL","Equity","0.07","14.33","172,902","2,478,014","2,478,013.77","Industrials","SE0000695876","Nasdaq Omx Nordic","Sweden","SEK"
"DLG","DIRECT LINE INSURANCE PLC","Equity","0.07","3.09","796,451","2,458,976","2,458,976.39","Financials","GB00BY9D0Y18","London Stock Exchange","United Kingdom","GBP"
"CAST","CASTELLUM","Equity","0.07","16.44","148,997","2,449,843","2,449,842.69","Real Estate","SE0000379190","Nasdaq Omx Nordic","Sweden","SEK"
"ORP","ORPEA SA","Equity","0.07","87.15","28,110","2,449,787","2,449,786.50","Health Care","FR0000184798","Nyse Euronext - Euronext Paris","France","EUR"
"PSPN","PSP SWISS PROPERTY AG","Equity","0.06","114.48","21,256","2,433,386","2,433,386.21","Real Estate","CH0018294154","SIX Swiss Exchange","Switzerland","CHF"
"GALP","GALP ENERGIA SGPS SA","Equity","0.06","8.45","285,319","2,410,946","2,410,945.55","Energy","PTGAL0AM0009","Nyse Euronext - Euronext Lisbon","Portugal","EUR"
"EMSN","EMS-CHEMIE HOLDING AG","Equity","0.06","485.83","4,900","2,380,568","2,380,568.37","Materials","CH0016440353","SIX Swiss Exchange","Switzerland","CHF"
"LI","KLEPIERRE REIT SA","Equity","0.06","16.88","140,998","2,379,341","2,379,341.25","Real Estate","FR0000121964","Nyse Euronext - Euronext Paris","France","EUR"
"ENG","ENAGAS SA","Equity","0.06","16.00","148,208","2,371,328","2,371,328.00","Utilities","ES0130960018","Bolsa De Madrid","Spain","EUR"
"PUM","PUMA","Equity","0.06","48.14","49,002","2,358,956","2,358,956.28","Consumer Discretionary","DE0006969603","Xetra","Germany","EUR"
"BWY","BELLWAY PLC","Equity","0.06","32.80","71,571","2,347,396","2,347,396.20","Consumer Discretionary","GB0000904986","London Stock Exchange","United Kingdom","GBP"
"DLN","DERWENT LONDON REIT PLC","Equity","0.06","37.51","61,611","2,310,796","2,310,796.46","Real Estate","GB0002652740","London Stock Exchange","United Kingdom","GBP"
"CCH","COCA COLA HBC AG","Equity","0.06","19.42","118,714","2,305,527","2,305,526.69","Consumer Staples","CH0198251305","London Stock Exchange","United Kingdom","GBP"
"SEV","SUEZ SA","Equity","0.06","10.26","223,343","2,291,499","2,291,499.18","Utilities","FR0010613471","Nyse Euronext - Euronext Paris","France","EUR"
"SMDS","SMITH (DS) PLC","Equity","0.06","3.03","755,059","2,289,310","2,289,309.62","Materials","GB0008220112","London Stock Exchange","United Kingdom","GBP"
"CLN","CLARIANT AG","Equity","0.06","15.95","142,999","2,280,373","2,280,372.99","Materials","CH0012142631","Six Swiss Exchange Ag","Switzerland","CHF"
"WTB","WHITBREAD PLC","Equity","0.06","29.20","77,932","2,275,550","2,275,550.40","Consumer Discretionary","GB00B1KJJ408","London Stock Exchange","United Kingdom","GBP"
"UTG","UNITE GROUP PLC","Equity","0.06","10.75","211,546","2,274,466","2,274,465.51","Real Estate","GB0006928617","London Stock Exchange","United Kingdom","GBP"
"ASM","ASM INTERNATIONAL NV","Equity","0.06","79.78","28,477","2,271,895","2,271,895.06","Information Technology","NL0000334118","Euronext Amsterdam","Netherlands","EUR"
"RAND","RANDSTAD HOLDING","Equity","0.06","32.65","69,054","2,254,613","2,254,613.10","Industrials","NL0000379121","Euronext Amsterdam","Netherlands","EUR"
"BLND","BRITISH LAND REIT PLC","Equity","0.06","4.34","518,702","2,253,653","2,253,652.58","Real Estate","GB0001367019","London Stock Exchange","United Kingdom","GBP"
"NIBE B","NIBE INDUSTRIER CLASS B","Equity","0.06","11.31","199,185","2,253,421","2,253,421.20","Industrials","SE0008321293","Nasdaq Omx Nordic","Sweden","SEK"
"KBX","KNORR BREMSE AG","Equity","0.06","78.86","28,126","2,218,016","2,218,016.36","Industrials","DE000KBX1006","Xetra","Germany","EUR"
"ITV","ITV PLC","Equity","0.06","0.95","2,337,692","2,218,143","2,218,142.75","Communication","GB0033986497","London Stock Exchange","United Kingdom","GBP"
"HL.","HARGREAVES LANSDOWN PLC","Equity","0.06","13.71","161,232","2,209,766","2,209,766.15","Financials","GB00B1VZ0M25","London Stock Exchange","United Kingdom","GBP"
"COV","COVIVIO SA","Equity","0.06","69.05","31,725","2,190,611","2,190,611.25","Real Estate","FR0000064578","Nyse Euronext - Euronext Paris","France","EUR"
"POLY","POLYMETAL INTERNATIONAL PLC","Equity","0.06","13.47","162,507","2,188,618","2,188,618.00","Materials","JE00B6T5S470","London Stock Exchange","Russian Federation","GBP"
"IAG","INTERNATIONAL AIRLINES GROUP SA","Equity","0.06","3.78","577,542","2,183,791","2,183,790.54","Industrials","ES0177542018","London Stock Exchange","Spain","GBP"
"PRY","PRYSMIAN","Equity","0.06","13.96","155,739","2,173,338","2,173,337.75","Industrials","IT0004176001","Borsa Italiana","Italy","EUR"
"UN01","UNIPER","Equity","0.06","22.43","95,884","2,150,678","2,150,678.12","Utilities","DE000UNSE018","Xetra","Germany","EUR"
"EVO","EVOLUTION GAMING GROUP","Equity","0.06","29.36","72,506","2,128,858","2,128,857.51","Consumer Discretionary","SE0012673267","Nasdaq Omx Nordic","Sweden","SEK"
"KESKOB","KESKO CLASS B","Equity","0.06","53.08","39,719","2,108,285","2,108,284.52","Consumer Staples","FI0009000202","Nasdaq Omx Helsinki Ltd.","Finland","EUR"
"ENX","EURONEXT NV","Equity","0.06","67.85","31,066","2,107,828","2,107,828.10","Financials","NL0006294274","Nyse Euronext - Euronext Paris","France","EUR"
"DIM","SARTORIUS STEDIM BIOTECH SA","Equity","0.06","148.70","14,081","2,093,845","2,093,844.70","Health Care","FR0013154002","Nyse Euronext - Euronext Paris","France","EUR"
"SCR","SCOR","Equity","0.06","20.76","99,488","2,065,371","2,065,370.88","Financials","FR0010411983","Nyse Euronext - Euronext Paris","France","EUR"
"BOL","BOLIDEN","Equity","0.05","12.96","159,020","2,061,658","2,061,657.79","Materials","SE0012455673","Nasdaq Omx Nordic","Sweden","SEK"
"HWDN","HOWDEN JOINERY GROUP PLC","Equity","0.05","5.88","350,436","2,059,973","2,059,973.30","Industrials","GB0005576813","London Stock Exchange","United Kingdom","GBP"
"ABN","ABN AMRO BANK NV","Equity","0.05","7.49","273,947","2,051,315","2,051,315.14","Financials","NL0011540547","Euronext Amsterdam","Netherlands","EUR"
"ICP","INTERMEDIATE CAPITAL GROUP PLC","Equity","0.05","11.99","170,613","2,044,838","2,044,838.49","Financials","GB00BYT1DJ19","London Stock Exchange","United Kingdom","GBP"
"MGGT","MEGGITT PLC","Equity","0.05","4.52","450,907","2,038,706","2,038,706.43","Industrials","GB0005758098","London Stock Exchange","United Kingdom","GBP"
"HSX","HISCOX LTD","Equity","0.05","11.84","171,420","2,029,290","2,029,289.96","Financials","BMG4593F1389","London Stock Exchange","United Kingdom","GBP"
"PZU","PZU SA","Equity","0.05","6.10","329,385","2,010,310","2,010,309.65","Financials","PLPZU0000011","Warsaw Stock Exchange/Equities/Main Market","Poland","PLN"
"KINV B","KINNEVIK CLASS B","Equity","0.05","14.25","140,366","2,000,120","2,000,119.98","Financials","SE0013256682","Nasdaq Omx Nordic","Sweden","SEK"
"MRL","MERLIN PROPERTIES REIT SA","Equity","0.05","9.43","211,739","1,995,640","1,995,640.08","Real Estate","ES0105025003","Bolsa De Madrid","Spain","EUR"
"GVC","GVC HOLDINGS PLC","Equity","0.05","5.88","337,624","1,984,660","1,984,660.32","Consumer Discretionary","IM00B5VQMV65","London Stock Exchange","United Kingdom","GBP"
"SBRY","SAINSBURY(J) PLC","Equity","0.05","1.98","1,001,157","1,982,289","1,982,289.44","Consumer Staples","GB00B019KW72","London Stock Exchange","United Kingdom","GBP"
"ORNBV","ORION CORP CLASS B","Equity","0.05","32.71","60,505","1,979,119","1,979,118.55","Health Care","FI0009014377","Nasdaq Omx Helsinki Ltd.","Finland","EUR"
"RUI","RUBIS","Equity","0.05","35.70","55,328","1,975,210","1,975,209.60","Utilities","FR0013269123","Nyse Euronext - Euronext Paris","France","EUR"
"RNO","RENAULT SA","Equity","0.05","16.33","120,662","1,969,928","1,969,927.81","Consumer Discretionary","FR0000131906","Nyse Euronext - Euronext Paris","France","EUR"
"JMT","JERONIMO MARTINS SA","Equity","0.05","13.87","141,442","1,961,093","1,961,093.33","Consumer Staples","PTJMT0AE0001","Nyse Euronext - Euronext Lisbon","Portugal","EUR"
"OSR","OSRAM LICHT N AG","Equity","0.05","44.33","43,990","1,950,077","1,950,076.70","Industrials","DE000LED4000","Xetra","Germany","EUR"
"BIM","BIOMERIEUX SA","Equity","0.05","78.25","24,777","1,938,800","1,938,800.25","Health Care","FR0013280286","Nyse Euronext - Euronext Paris","France","EUR"
"KGF","KINGFISHER PLC","Equity","0.05","1.58","1,223,180","1,934,609","1,934,608.63","Consumer Discretionary","GB0033195214","London Stock Exchange","United Kingdom","GBP"
"CDR","CD PROJECT SA","Equity","0.05","49.32","39,101","1,928,592","1,928,592.03","Communication","PLOPTTC00011","Warsaw Stock Exchange/Equities/Main Market","Poland","PLN"
"FABG","FABEGE","Equity","0.05","11.72","162,362","1,903,128","1,903,127.87","Real Estate","SE0011166974","Nasdaq Omx Nordic","Sweden","SEK"
"HSV","HOMESERVE PLC","Equity","0.05","11.15","170,169","1,897,001","1,897,001.21","Industrials","GB00BYYTFB60","London Stock Exchange","United Kingdom","GBP"
"OMV","OMV AG","Equity","0.05","22.77","83,234","1,895,238","1,895,238.18","Energy","AT0000743059","Wiener Boerse Ag","Austria","EUR"
"OMU","OLD MUTUAL LIMITED LTD","Equity","0.05","0.76","2,489,082","1,894,729","1,894,728.55","Financials","ZAE000255360","London Stock Exchange","South Africa","GBP"
"AGN","AEGON NV","Equity","0.05","1.79","1,055,939","1,893,827","1,893,826.60","Financials","NL0000303709","Euronext Amsterdam","Netherlands","EUR"
"CBK","COMMERZBANK AG","Equity","0.05","3.12","606,372","1,892,790","1,892,790.20","Financials","DE000CBK1001","Xetra","Germany","EUR"
"ALT","ALTRAN TECHNOLOGIES SA","Equity","0.05","14.40","130,969","1,885,954","1,885,953.60","Information Technology","FR0000034639","Nyse Euronext - Euronext Paris","France","EUR"
"WRT1V","WARTSILA","Equity","0.05","6.68","282,205","1,884,565","1,884,564.99","Industrials","FI0009003727","Nasdaq Omx Helsinki Ltd.","Finland","EUR"
"ELUX B","ELECTROLUX B","Equity","0.05","14.07","133,795","1,882,549","1,882,549.19","Consumer Discretionary","SE0000103814","Nasdaq Omx Nordic","Sweden","SEK"
"TATE","TATE AND LYLE PLC","Equity","0.05","6.89","270,916","1,867,865","1,867,864.99","Consumer Staples","GB0008754136","London Stock Exchange","United Kingdom","GBP"
"TIT","TELECOM ITALIA","Equity","0.05","0.31","5,833,730","1,815,457","1,815,456.78","Communication","IT0003497168","Borsa Italiana","Italy","EUR"
"SXS","SPECTRIS PLC","Equity","0.05","25.59","70,228","1,797,057","1,797,056.76","Information Technology","GB0003308607","London Stock Exchange","United Kingdom","GBP"
"HELN","HELVETIA HOLDING AG","Equity","0.05","93.24","19,213","1,791,414","1,791,413.91","Financials","CH0466642201","SIX Swiss Exchange","Switzerland","CHF"
"EVK","EVONIK INDUSTRIES AG","Equity","0.05","18.57","96,405","1,790,723","1,790,722.88","Materials","DE000EVNK013","Xetra","Germany","EUR"
"IMCD","IMCD NV","Equity","0.05","58.10","30,765","1,787,447","1,787,446.50","Industrials","NL0010801007","Euronext Amsterdam","Netherlands","EUR"
"PKN","POLSKI KONCERN NAFTOWY ORLEN SA","Equity","0.05","9.91","180,133","1,785,997","1,785,997.45","Energy","PLPKN0000018","Warsaw Stock Exchange/Equities/Main Market","Poland","PLN"
"VACN","VAT GROUP AG","Equity","0.05","112.82","15,808","1,783,526","1,783,526.01","Industrials","CH0311864901","SIX Swiss Exchange","Switzerland","CHF"
"HUH1V","HUHTAMAKI","Equity","0.05","32.13","55,431","1,780,998","1,780,998.03","Materials","FI0009000459","Nasdaq Omx Helsinki Ltd.","Finland","EUR"
"MB","MEDIOBANCA BANCA DI CREDITO FINANZ","Equity","0.05","4.83","366,898","1,772,117","1,772,117.34","Financials","IT0000062957","Borsa Italiana","Italy","EUR"
"BALD B","FASTIGHETS BALDER B","Equity","0.05","31.05","56,854","1,765,282","1,765,281.82","Real Estate","SE0000455057","Nasdaq Omx Nordic","Sweden","SEK"
"SECU B","SECURITAS B","Equity","0.05","9.47","185,789","1,760,081","1,760,081.29","Industrials","SE0000163594","Nasdaq Omx Nordic","Sweden","SEK"
"FR","VALEO SA","Equity","0.05","13.43","130,215","1,748,136","1,748,136.38","Consumer Discretionary","FR0013176526","Nyse Euronext - Euronext Paris","France","EUR"
"TPK","TRAVIS PERKINS PLC","Equity","0.05","11.95","146,165","1,746,033","1,746,033.45","Industrials","GB0007739609","London Stock Exchange","United Kingdom","GBP"
"COFB","COFINIMMO REIT SA","Equity","0.05","123.60","14,104","1,743,254","1,743,254.40","Real Estate","BE0003593044","Nyse Euronext - Euronext Brussels","Belgium","EUR"
"GALE","GALENICA AG","Equity","0.05","60.08","28,851","1,733,320","1,733,319.92","Health Care","CH0360674466","SIX Swiss Exchange","Switzerland","CHF"
"SIM","SIMCORP","Equity","0.05","71.66","23,905","1,712,926","1,712,925.80","Information Technology","DK0060495240","Omx Nordic Exchange Copenhagen A/S","Denmark","DKK"
"LXS","LANXESS AG","Equity","0.05","37.05","45,714","1,693,704","1,693,703.70","Materials","DE0005470405","Xetra","Germany","EUR"
"GETI B","GETINGE B","Equity","0.05","13.47","125,633","1,692,203","1,692,202.98","Health Care","SE0000202624","Nasdaq Omx Nordic","Sweden","SEK"
"FTI","TECHNIPFMC PLC","Equity","0.05","6.29","268,720","1,691,324","1,691,323.68","Energy","GB00BDSFG982","Nyse Euronext - Euronext Paris","United States","EUR"
"AMUN","AMUNDI SA","Equity","0.05","47.84","35,294","1,688,465","1,688,464.96","Financials","FR0004125920","Nyse Euronext - Euronext Paris","France","EUR"
"ASRNL","ASR NEDERLAND NV","Equity","0.04","20.39","82,039","1,672,775","1,672,775.21","Financials","NL0011872643","Euronext Amsterdam","Netherlands","EUR"
"ICA","ICA GRUPPEN","Equity","0.04","31.10","53,637","1,667,857","1,667,856.64","Consumer Staples","SE0000652216","Nasdaq Omx Nordic","Sweden","SEK"
"CNA","CENTRICA PLC","Equity","0.04","0.49","3,380,062","1,665,957","1,665,956.88","Utilities","GB00B033F229","London Stock Exchange","United Kingdom","GBP"
"INDU A","INDUSTRIVARDEN A","Equity","0.04","17.03","97,733","1,664,339","1,664,339.31","Financials","SE0000190126","Nasdaq Omx Nordic","Sweden","SEK"
"PST","POSTE ITALIANE","Equity","0.04","6.14","270,630","1,662,751","1,662,750.72","Financials","IT0003796171","Borsa Italiana","Italy","EUR"
"BME","B&M EUROPEAN VALUE RETAIL SA","Equity","0.04","3.39","491,155","1,662,593","1,662,592.87","Consumer Discretionary","LU1072616219","London Stock Exchange","United Kingdom","GBP"
"REC","RECORDATI INDUSTRIA CHIMICA E FARM","Equity","0.04","28.26","58,400","1,650,384","1,650,384.00","Health Care","IT0003828271","Borsa Italiana","Italy","EUR"
"VPK","KONINKLIJKE VOPAK NV","Equity","0.04","43.05","38,305","1,649,030","1,649,030.25","Energy","NL0009432491","Euronext Amsterdam","Netherlands","EUR"
"SOF","SOFINA SA","Equity","0.04","182.80","9,015","1,647,942","1,647,942.00","Financials","BE0003717312","Nyse Euronext - Euronext Brussels","Belgium","EUR"
"AFX","CARL ZEISS MEDITEC AG","Equity","0.04","76.45","21,534","1,646,274","1,646,274.30","Health Care","DE0005313704","Xetra","Germany","EUR"
"PNDORA","PANDORA","Equity","0.04","28.37","57,968","1,644,427","1,644,426.64","Consumer Discretionary","DK0060252690","Omx Nordic Exchange Copenhagen A/S","Denmark","DKK"
"RHM","RHEINMETALL AG","Equity","0.04","64.16","25,448","1,632,744","1,632,743.68","Industrials","DE0007030009","Xetra","Germany","EUR"
"ADP","AEROPORTS DE PARIS SA","Equity","0.04","97.95","16,600","1,625,970","1,625,970.00","Industrials","FR0010340141","Nyse Euronext - Euronext Paris","France","EUR"
"SDR","SCHRODERS PLC","Equity","0.04","23.74","68,273","1,621,084","1,621,083.56","Financials","GB0002405495","London Stock Exchange","United Kingdom","GBP"
"HIK","HIKMA PHARMACEUTICALS PLC","Equity","0.04","19.66","81,474","1,601,658","1,601,658.01","Health Care","GB00B0LCW083","London Stock Exchange","United Kingdom","GBP"
"PROX","PROXIMUS NV","Equity","0.04","17.34","91,101","1,580,147","1,580,146.84","Communication","BE0003810273","Nyse Euronext - Euronext Brussels","Belgium","EUR"
"ALLN","ALLREAL HOLDING AG","Equity","0.04","185.82","8,463","1,572,570","1,572,569.89","Real Estate","CH0008837566","SIX Swiss Exchange","Switzerland","CHF"
"DIA","DIASORIN","Equity","0.04","103.00","15,212","1,566,836","1,566,836.00","Health Care","IT0003492391","Borsa Italiana","Italy","EUR"
"METSO","METSO","Equity","0.04","21.04","74,295","1,563,167","1,563,166.80","Industrials","FI0009007835","Nasdaq Omx Helsinki Ltd.","Finland","EUR"
"UTDI","UNITED INTERNET AG","Equity","0.04","21.88","71,196","1,557,768","1,557,768.48","Communication","DE0005089031","Xetra","Germany","EUR"
"DPH","DECHRA PHARMACEUTICALS PLC","Equity","0.04","26.26","59,318","1,557,491","1,557,490.54","Health Care","GB0009633180","London Stock Exchange","United Kingdom","GBP"
"ANTO","ANTOFAGASTA PLC","Equity","0.04","6.93","224,186","1,552,783","1,552,783.27","Materials","GB0000456144","London Stock Exchange","United Kingdom","GBP"
"BC8","BECHTLE AG","Equity","0.04","96.10","16,151","1,552,111","1,552,111.10","Information Technology","DE0005158703","Xetra","Germany","EUR"
"HFG","HELLOFRESH","Equity","0.04","19.06","81,251","1,548,644","1,548,644.06","Consumer Discretionary","DE000A161408","Xetra","Germany","EUR"
"AMBU B","AMBU CLASS B","Equity","0.04","15.96","96,597","1,541,389","1,541,389.35","Health Care","DK0060946788","Omx Nordic Exchange Copenhagen A/S","Denmark","DKK"
"LUPE","LUNDIN PETROLEUM","Equity","0.04","13.91","110,586","1,538,233","1,538,232.63","Energy","SE0000825820","Nasdaq Omx Nordic","Sweden","SEK"
"GJF","GJENSIDIGE FORSIKRING","Equity","0.04","14.11","108,994","1,538,112","1,538,112.05","Financials","NO0010582521","Oslo Bors Asa","Norway","NOK"
"LDO","LEONARDO FINMECCANICA SPA","Equity","0.04","5.75","267,168","1,536,216","1,536,216.00","Industrials","IT0003856405","Borsa Italiana","Italy","EUR"
"CPR","DAVIDE CAMPARI MILANO","Equity","0.04","5.57","275,716","1,535,738","1,535,738.12","Consumer Staples","IT0005252207","Borsa Italiana","Italy","EUR"
"MOR","MORPHOSYS AG","Equity","0.04","81.25","18,842","1,530,913","1,530,912.50","Health Care","DE0006632003","Xetra","Germany","EUR"
"WEIR","WEIR GROUP PLC","Equity","0.04","10.17","150,400","1,529,555","1,529,555.30","Industrials","GB0009465807","London Stock Exchange","United Kingdom","GBP"
"BEZ","BEAZLEY PLC","Equity","0.04","5.00","305,563","1,528,530","1,528,530.00","Financials","GB00BYQ0JC66","London Stock Exchange","United Kingdom","GBP"
"TEG","TAG IMMOBILIEN AG","Equity","0.04","18.02","84,435","1,521,519","1,521,518.70","Real Estate","DE0008303504","Xetra","Germany","EUR"
"G1A","GEA GROUP AG","Equity","0.04","17.71","85,795","1,519,429","1,519,429.45","Industrials","DE0006602006","Xetra","Germany","EUR"
"SAB","BANCO DE SABADELL SA","Equity","0.04","0.46","3,312,208","1,508,380","1,508,379.52","Financials","ES0113860A34","Bolsa De Madrid","Spain","EUR"
"SIGN","SIG COMBIBLOC GROUP AG","Equity","0.04","12.03","124,876","1,502,831","1,502,831.26","Materials","CH0435377954","SIX Swiss Exchange","Switzerland","CHF"
"ACKB","ACKERMANS & VAN HAAREN NV","Equity","0.04","113.20","13,262","1,501,258","1,501,258.40","Financials","BE0003764785","Nyse Euronext - Euronext Brussels","Belgium","EUR"
"CTEC","CONVATEC GROUP PLC","Equity","0.04","1.85","809,144","1,495,877","1,495,877.01","Health Care","GB00BD3VFW73","London Stock Exchange","United Kingdom","GBP"
"TREL B","TRELLEBORG B","Equity","0.04","10.66","140,098","1,493,048","1,493,048.17","Industrials","SE0000114837","Nasdaq Omx Nordic","Sweden","SEK"
"CMBN","CEMBRA MONEY BANK AG","Equity","0.04","85.15","17,466","1,487,237","1,487,236.71","Financials","CH0225173167","SIX Swiss Exchange","Switzerland","CHF"
"WDP","WAREHOUSES DE PAUW REIT","Equity","0.04","20.50","71,803","1,472,321","1,472,320.51","Real Estate","BE0974349814","Nyse Euronext - Euronext Brussels","Belgium","EUR"
"KGX","KION GROUP AG","Equity","0.04","38.63","37,791","1,459,866","1,459,866.33","Industrials","DE000KGX8881","Xetra","Germany","EUR"
"RF","EURAZEO","Equity","0.04","45.10","32,355","1,459,211","1,459,210.50","Financials","FR0000121121","Nyse Euronext - Euronext Paris","France","EUR"
"JD.","JD SPORTS FASHION PLC","Equity","0.04","6.10","239,145","1,457,735","1,457,735.02","Consumer Discretionary","GB00BYX91H57","London Stock Exchange","United Kingdom","GBP"
"BKT","BANKINTER SA","Equity","0.04","3.90","373,181","1,453,540","1,453,540.00","Financials","ES0113679I37","Bolsa De Madrid","Spain","EUR"
"BIRG","BANK OF IRELAND GROUP PLC","Equity","0.04","2.31","627,453","1,451,926","1,451,926.24","Financials","IE00BD1RP616","Irish Stock Exchange - All Market","Ireland","EUR"
"LIGHT","SIGNIFY NV","Equity","0.04","18.66","77,655","1,448,654","1,448,654.03","Industrials","NL0011821392","Euronext Amsterdam","Netherlands","EUR"
"TRYG","TRYG","Equity","0.04","20.69","69,938","1,446,815","1,446,815.08","Financials","DK0060636678","Omx Nordic Exchange Copenhagen A/S","Denmark","DKK"
"IMI","IMI PLC","Equity","0.04","8.72","165,474","1,442,770","1,442,769.56","Industrials","GB00BGLP8L22","London Stock Exchange","United Kingdom","GBP"
"BEAN","BELIMO HOLDING AG","Equity","0.04","5,146.88","279","1,435,976","1,435,976.17","Industrials","CH0001503199","SIX Swiss Exchange","Switzerland","CHF"
"KOJAMO","KOJAMO","Equity","0.04","15.52","92,461","1,434,995","1,434,994.72","Real Estate","FI4000312251","Nasdaq Omx Helsinki Ltd.","Finland","EUR"
"TECN","TECAN GROUP AG","Equity","0.04","230.85","6,215","1,434,746","1,434,746.22","Health Care","CH0012100191","SIX Swiss Exchange","Switzerland","CHF"
"TOM","TOMRA SYSTEMS","Equity","0.04","22.77","62,822","1,430,688","1,430,688.21","Industrials","NO0005668905","Oslo Bors Asa","Norway","NOK"
"SGRE","SIEMENS GAMESA RENEWABLE ENERGY SA","Equity","0.04","11.05","129,359","1,429,417","1,429,416.95","Industrials","ES0143416115","Bolsa De Madrid","Spain","EUR"
"IGG","IG GROUP HOLDINGS PLC","Equity","0.04","6.72","212,627","1,429,407","1,429,406.62","Financials","GB00B06QFB75","London Stock Exchange","United Kingdom","GBP"
"EKTA B","ELEKTA B","Equity","0.04","6.69","213,241","1,427,116","1,427,115.55","Health Care","SE0000163628","Nasdaq Omx Nordic","Sweden","SEK"
"NEXI","NEXI","Equity","0.04","9.90","143,824","1,423,858","1,423,857.60","Information Technology","IT0005366767","Borsa Italiana","Italy","EUR"
"NHY","NORSK HYDRO","Equity","0.04","1.80","786,682","1,419,192","1,419,191.94","Materials","NO0005052605","Oslo Bors Asa","Norway","NOK"
"SK","SEB SA","Equity","0.04","100.00","14,109","1,410,900","1,410,900.00","Consumer Discretionary","FR0000121709","Nyse Euronext - Euronext Paris","France","EUR"
"COL","INMOBILIARIA COLONIAL SA","Equity","0.04","9.02","156,100","1,408,022","1,408,022.00","Real Estate","ES0139140174","Bolsa De Madrid","Spain","EUR"
"COLR","ETABLISSEMENTEN FRANZ COLRUYT NV","Equity","0.04","40.97","33,965","1,391,546","1,391,546.05","Consumer Staples","BE0974256852","Nyse Euronext - Euronext Brussels","Belgium","EUR"
"MKS","MARKS AND SPENCER GROUP PLC","Equity","0.04","1.23","1,128,231","1,384,773","1,384,772.77","Consumer Discretionary","GB0031274896","London Stock Exchange","United Kingdom","GBP"
"SOBI","SWEDISH ORPHAN BIOVITRUM","Equity","0.04","12.65","109,363","1,383,247","1,383,247.37","Health Care","SE0000872095","Nasdaq Omx Nordic","Sweden","SEK"
"ELI","ELIA GROUP SA","Equity","0.04","70.90","19,491","1,381,912","1,381,911.90","Utilities","BE0003822393","Nyse Euronext - Euronext Brussels","Belgium","EUR"
"INCH","INCHCAPE PLC","Equity","0.04","5.86","235,467","1,379,086","1,379,085.96","Consumer Discretionary","GB00B61TVQ02","London Stock Exchange","United Kingdom","GBP"
"TKA","THYSSENKRUPP AG","Equity","0.04","4.79","285,657","1,366,869","1,366,868.75","Materials","DE0007500001","Xetra","Germany","EUR"
"CCL","CARNIVAL PLC","Equity","0.04","14.59","93,592","1,365,346","1,365,345.54","Consumer Discretionary","GB0031215220","London Stock Exchange","United Kingdom","GBP"
"NEM","NEMETSCHEK","Equity","0.04","43.32","31,282","1,355,136","1,355,136.24","Information Technology","DE0006452907","Xetra","Germany","EUR"
"AVST","AVAST PLC","Equity","0.04","3.68","368,028","1,355,343","1,355,343.39","Information Technology","GB00BDD85M81","London Stock Exchange","United Kingdom","GBP"
"QLT","QUILTER PLC","Equity","0.04","1.37","990,752","1,352,830","1,352,829.97","Financials","GB00BDCXV269","London Stock Exchange","United Kingdom","GBP"
"LUND B","LUNDBERGFORETAGEN CLASS B","Equity","0.04","31.75","42,525","1,350,029","1,350,028.98","Financials","SE0000108847","Nasdaq Omx Nordic","Sweden","SEK"
"BME","BOLSAS Y MERCADOS ESPANOLES SOCIED","Equity","0.04","32.00","42,193","1,350,176","1,350,176.00","Financials","ES0115056139","Bolsa De Madrid","Spain","EUR"
"TYRES","NOKIAN RENKAAT","Equity","0.04","17.69","76,228","1,348,473","1,348,473.32","Consumer Discretionary","FI0009005318","Nasdaq Omx Helsinki Ltd.","Finland","EUR"
"FI.N","GEORG FISCHER AG","Equity","0.04","568.14","2,365","1,343,657","1,343,656.59","Industrials","CH0001752309","SIX Swiss Exchange","Switzerland","CHF"
"ECM","ELECTROCOMPONENTS PLC","Equity","0.04","5.22","256,932","1,341,964","1,341,963.90","Information Technology","GB0003096442","London Stock Exchange","United Kingdom","GBP"
"RBREW","ROYAL UNIBREW","Equity","0.04","53.68","24,753","1,328,860","1,328,859.59","Consumer Staples","DK0060634707","Omx Nordic Exchange Copenhagen A/S","Denmark","DKK"
"BOL","BOLLORE","Equity","0.04","2.50","527,851","1,317,516","1,317,516.10","Communication","FR0000039299","Nyse Euronext - Euronext Paris","France","EUR"
"EVT","EVOTEC","Equity","0.04","18.69","70,268","1,313,309","1,313,308.92","Health Care","DE0005664809","Xetra","Germany","EUR"
"RXL","REXEL SA","Equity","0.03","7.47","175,412","1,310,328","1,310,327.64","Industrials","FR0010451203","Nyse Euronext - Euronext Paris","France","EUR"
"VALMT","VALMET","Equity","0.03","17.01","76,616","1,303,238","1,303,238.16","Industrials","FI4000074984","Nasdaq Omx Helsinki Ltd.","Finland","EUR"
"MF","WENDEL","Equity","0.03","79.55","16,379","1,302,949","1,302,949.45","Financials","FR0000121204","Nyse Euronext - Euronext Paris","France","EUR"
"SESG","SES SA FDR","Equity","0.03","5.83","222,309","1,295,172","1,295,172.23","Communication","LU0088087324","Nyse Euronext - Euronext Paris","France","EUR"
"AOX","ALSTRIA OFFICE REIT AG","Equity","0.03","14.18","91,231","1,293,656","1,293,655.58","Real Estate","DE000A0LD2U1","Xetra","Germany","EUR"
"ROR","ROTORK PLC","Equity","0.03","2.57","502,416","1,292,450","1,292,450.23","Industrials","GB00BVFNZH21","London Stock Exchange","United Kingdom","GBP"
"PEO","BANK PEKAO SA","Equity","0.03","13.81","92,547","1,277,955","1,277,954.69","Financials","PLPEKAO00016","Warsaw Stock Exchange/Equities/Main Market","Poland","PLN"
"AAK","AAK","Equity","0.03","12.65","100,804","1,274,991","1,274,991.25","Consumer Staples","SE0011337708","Nasdaq Omx Nordic","Sweden","SEK"
"AALB","AALBERTS NV","Equity","0.03","22.86","55,545","1,269,759","1,269,758.70","Industrials","NL0000852564","Euronext Amsterdam","Netherlands","EUR"
"SRCG","SUNRISE COMMUNICATIONS GROUP AG","Equity","0.03","69.59","18,219","1,267,802","1,267,801.74","Communication","CH0267291224","SIX Swiss Exchange","Switzerland","CHF"
"TEN","TENARIS SA","Equity","0.03","4.68","270,390","1,265,425","1,265,425.20","Energy","LU0156801721","Borsa Italiana","Italy","EUR"
"AED","AEDIFICA REIT SA","Equity","0.03","89.00","14,184","1,262,376","1,262,376.00","Real Estate","BE0003851681","Nyse Euronext - Euronext Brussels","Belgium","EUR"
"BBOX","TRITAX BIG BOX REIT PLC","Equity","0.03","1.28","981,881","1,260,152","1,260,151.74","Real Estate","GB00BG49KP99","London Stock Exchange","United Kingdom","GBP"
"INVP","INVESTEC PLC","Equity","0.03","3.37","373,510","1,258,861","1,258,861.23","Financials","GB00B17BBQ50","London Stock Exchange","United Kingdom","GBP"
"HER","HERA","Equity","0.03","2.79","448,698","1,250,073","1,250,072.63","Utilities","IT0001250932","Borsa Italiana","Italy","EUR"
"VER","VERBUND AG","Equity","0.03","32.68","38,117","1,245,664","1,245,663.56","Utilities","AT0000746409","Wiener Boerse Ag","Austria","EUR"
"HOLM B","HOLMEN CLASS B","Equity","0.03","20.92","59,309","1,240,732","1,240,732.38","Materials","SE0011090018","Nasdaq Omx Nordic","Sweden","SEK"
"ELIS","ELIS SA","Equity","0.03","11.00","112,145","1,233,595","1,233,595.00","Industrials","FR0012435121","Nyse Euronext - Euronext Paris","France","EUR"
"AVV","AVEVA GROUP PLC","Equity","0.03","32.62","37,272","1,215,703","1,215,703.33","Information Technology","GB00BBG9VN75","London Stock Exchange","United Kingdom","GBP"
"ATE","ALTEN SA","Equity","0.03","72.75","16,682","1,213,616","1,213,615.50","Information Technology","FR0000071946","Nyse Euronext - Euronext Paris","France","EUR"
"EO","FAURECIA","Equity","0.03","28.27","42,791","1,209,702","1,209,701.57","Consumer Discretionary","FR0000121147","Nyse Euronext - Euronext Paris","France","EUR"
"LHA","DEUTSCHE LUFTHANSA AG","Equity","0.03","8.76","137,378","1,203,981","1,203,980.79","Industrials","DE0008232125","Xetra","Germany","EUR"
"BVIC","BRITVIC PLC","Equity","0.03","7.81","152,960","1,194,477","1,194,477.29","Consumer Staples","GB00B0N8QD54","London Stock Exchange","United Kingdom","GBP"
"UBI","UNIONE DI BANCHE ITALIANE","Equity","0.03","2.22","534,659","1,186,943","1,186,942.98","Financials","IT0003487029","Borsa Italiana","Italy","EUR"
"PARG","PARGESA HOLDING SA","Equity","0.03","53.98","21,991","1,186,984","1,186,983.71","Financials","CH0021783391","SIX Swiss Exchange","Switzerland","CHF"
"ICAD","ICADE REIT SA","Equity","0.03","73.00","16,164","1,179,972","1,179,972.00","Real Estate","FR0000035081","Nyse Euronext - Euronext Paris","France","EUR"
"FPE3","FUCHS PETROLUB PREF","Equity","0.03","29.50","39,976","1,179,292","1,179,292.00","Materials","DE0005790430","Xetra","Germany","EUR"
"INDT","INDUTRADE","Equity","0.03","23.12","50,970","1,178,522","1,178,522.41","Industrials","SE0001515552","Nasdaq Omx Nordic","Sweden","SEK"
"AMP","AMPLIFON","Equity","0.03","16.32","72,027","1,175,481","1,175,480.64","Health Care","IT0004056880","Borsa Italiana","Italy","EUR"
"TCAP","TP ICAP PLC","Equity","0.03","3.59","327,187","1,174,573","1,174,573.37","Financials","GB00B1H0DZ51","London Stock Exchange","United Kingdom","GBP"
"GRG","GREGGS PLC","Equity","0.03","20.15","58,082","1,170,072","1,170,071.76","Consumer Discretionary","GB00B63QSB39","London Stock Exchange","United Kingdom","GBP"
"BAKKA","BAKKAFROST","Equity","0.03","40.65","28,674","1,165,478","1,165,477.70","Consumer Staples","FO0000000179","Oslo Bors Asa","Norway","NOK"
"IG","ITALGAS","Equity","0.03","4.11","281,197","1,156,282","1,156,282.06","Utilities","IT0005211237","Borsa Italiana","Italy","EUR"
"DEMANT","DEMANT","Equity","0.03","21.27","54,107","1,150,812","1,150,811.82","Health Care","DK0060738599","Omx Nordic Exchange Copenhagen A/S","Denmark","DKK"
"ILD","ILIAD SA","Equity","0.03","110.60","10,287","1,137,742","1,137,742.20","Communication","FR0004035913","Nyse Euronext - Euronext Paris","France","EUR"
"EVD","CTS EVENTIM AG","Equity","0.03","35.96","31,599","1,136,300","1,136,300.04","Communication","DE0005470306","Xetra","Germany","EUR"
"FHZN","FLUGHAFEN ZUERICH AG","Equity","0.03","99.53","11,239","1,118,633","1,118,632.78","Industrials","CH0319416936","SIX Swiss Exchange","Switzerland","CHF"
"TUI","TUI AG","Equity","0.03","4.36","255,597","1,114,276","1,114,276.48","Consumer Discretionary","DE000TUAG000","London Stock Exchange","United Kingdom","GBP"
"WIE","WIENERBERGER AG","Equity","0.03","16.58","67,160","1,113,513","1,113,512.80","Materials","AT0000831706","Wiener Boerse Ag","Austria","EUR"
"DPLM","DIPLOMA PLC","Equity","0.03","16.87","65,838","1,110,977","1,110,977.35","Industrials","GB0001826634","London Stock Exchange","United Kingdom","GBP"
"HUSQ B","HUSQVARNA","Equity","0.03","4.65","238,618","1,110,028","1,110,027.73","Consumer Discretionary","SE0001662230","Nasdaq Omx Nordic","Sweden","SEK"
"ISS","ISS A S","Equity","0.03","12.16","91,150","1,108,204","1,108,204.05","Industrials","DK0060542181","Omx Nordic Exchange Copenhagen A/S","Denmark","DKK"
"NETW","NETWORK INTERNATIONAL HOLDINGS PLC","Equity","0.03","4.76","229,873","1,095,269","1,095,269.49","Information Technology","GB00BH3VJ782","London Stock Exchange","United Kingdom","GBP"
"GPOR","GREAT PORTLAND ESTATES REIT PLC","Equity","0.03","8.06","135,740","1,094,109","1,094,109.39","Real Estate","GB00BF5H9P87","London Stock Exchange","United Kingdom","GBP"
"FNTN","FREENET AG","Equity","0.03","14.77","73,460","1,085,004","1,085,004.20","Communication","DE000A0Z2ZZ5","Xetra","Germany","EUR"
"WG.","WOOD GROUP (JOHN) PLC","Equity","0.03","2.73","391,906","1,070,262","1,070,262.15","Energy","GB00B5N0P849","London Stock Exchange","United Kingdom","GBP"
"GYC","GRAND CITY PROPERTIES SA","Equity","0.03","17.92","59,311","1,062,853","1,062,853.12","Real Estate","LU0775917882","Xetra","Germany","EUR"
"ANDR","ANDRITZ AG","Equity","0.03","25.68","41,275","1,059,942","1,059,942.00","Industrials","AT0000730007","Wiener Boerse Ag","Austria","EUR"
"GL9","GLANBIA PLC","Equity","0.03","9.15","115,751","1,059,122","1,059,121.65","Consumer Staples","IE0000669501","Irish Stock Exchange - All Market","Ireland","EUR"
"RBI","RAIFFEISEN BANK INTERNATIONAL AG","Equity","0.03","13.53","78,183","1,057,816","1,057,815.99","Financials","AT0000606306","Wiener Boerse Ag","Austria","EUR"
"HAS","HAYS PLC","Equity","0.03","1.25","841,267","1,052,076","1,052,075.88","Industrials","GB0004161021","London Stock Exchange","United Kingdom","GBP"
"RCO","REMY COINTREAU SA","Equity","0.03","83.60","12,452","1,040,987","1,040,987.20","Consumer Staples","FR0000130395","Nyse Euronext - Euronext Paris","France","EUR"
"MCRO","MICRO FOCUS INTERNATIONAL PLC","Equity","0.03","5.27","196,393","1,034,213","1,034,212.99","Information Technology","GB00BJ1F4N75","London Stock Exchange","United Kingdom","GBP"
"EZJ","EASYJET PLC","Equity","0.03","9.04","114,277","1,033,630","1,033,630.31","Industrials","GB00B7KR2P84","London Stock Exchange","United Kingdom","GBP"
"IWG","IWG","Equity","0.03","2.64","391,333","1,031,937","1,031,937.33","Real Estate","JE00BYVQYS01","London Stock Exchange","United Kingdom","GBP"
"IIA","IMMOFINANZ AG","Equity","0.03","19.20","53,567","1,028,486","1,028,486.40","Real Estate","AT0000A21KS2","Wiener Boerse Ag","Austria","EUR"
"BOSS","HUGO BOSS N AG","Equity","0.03","28.00","36,709","1,027,852","1,027,852.00","Consumer Discretionary","DE000A1PHFF7","Xetra","Germany","EUR"
"SOP","SOPRA STERIA GROUP","Equity","0.03","107.30","9,536","1,023,213","1,023,212.80","Information Technology","FR0000050809","Nyse Euronext - Euronext Paris","France","EUR"
"EMG","MAN GROUP PLC","Equity","0.03","1.15","885,927","1,023,203","1,023,203.17","Financials","JE00BJ1DLW90","London Stock Exchange","United Kingdom","GBP"
"CBG","CLOSE BROS GROUP PLC","Equity","0.03","11.67","87,371","1,019,476","1,019,475.76","Financials","GB0007668071","London Stock Exchange","United Kingdom","GBP"
"SALM","SALMAR","Equity","0.03","32.59","31,129","1,014,359","1,014,358.76","Consumer Staples","NO0010310956","Oslo Bors Asa","Norway","NOK"
"KN","NATIXIS SA","Equity","0.03","1.88","534,100","1,004,108","1,004,108.00","Financials","FR0000120685","Nyse Euronext - Euronext Paris","France","EUR"
"IP","INTERPUMP GROUP","Equity","0.03","20.38","49,197","1,002,635","1,002,634.86","Industrials","IT0001078911","Borsa Italiana","Italy","EUR"
"VCT","VICTREX PLC","Equity","0.03","20.21","49,606","1,002,690","1,002,689.80","Materials","GB0009292243","London Stock Exchange","United Kingdom","GBP"
"SBMO","SBM OFFSHORE NV","Equity","0.03","10.56","94,076","992,972","992,972.18","Energy","NL0000360618","Euronext Amsterdam","Netherlands","EUR"
"O2D","TELEFONICA DEUTSCHLAND HOLDING AG","Equity","0.03","1.90","523,227","991,777","991,776.78","Communication","DE000A1J5RX9","Xetra","Germany","EUR"
"SSPG","SSP GROUP PLC","Equity","0.03","3.84","256,558","984,320","984,319.73","Consumer Discretionary","GB00BGBN7C04","London Stock Exchange","United Kingdom","GBP"
"LPP","LPP SA","Equity","0.03","1,063.61","924","982,778","982,778.45","Consumer Discretionary","PLLPP0000011","Warsaw Stock Exchange/Equities/Main Market","Poland","PLN"
"LOOM B","LOOMIS","Equity","0.03","22.52","43,597","981,644","981,643.59","Industrials","SE0002683557","Nasdaq Omx Nordic","Sweden","SEK"
"UDG","UDG HEALTHCARE COMPANY","Equity","0.03","6.65","147,287","979,317","979,316.83","Health Care","IE0033024807","London Stock Exchange","United Kingdom","GBP"
"DLG","DIALOG SEMICON PLC","Equity","0.03","25.95","37,578","975,149","975,149.10","Information Technology","GB0059822006","Xetra","Germany","EUR"
"ASHM","ASHMORE GROUP PLC","Equity","0.03","3.80","254,456","968,192","968,191.66","Financials","GB00B132NW22","London Stock Exchange","United Kingdom","GBP"
"BAMI","BANCO BPM","Equity","0.03","1.10","872,185","961,584","961,583.96","Financials","IT0005218380","Borsa Italiana","Italy","EUR"
"AM","DASSAULT AVIATION SA","Equity","0.03","732.50","1,311","960,308","960,307.50","Industrials","FR0000121725","Nyse Euronext - Euronext Paris","France","EUR"
"GLJ","GRENKE N AG","Equity","0.03","59.70","16,057","958,603","958,602.90","Financials","DE000A161N30","Xetra","Germany","EUR"
"GFS","G4S PLC","Equity","0.03","1.07","895,590","958,243","958,243.24","Industrials","GB00B01FLG62","London Stock Exchange","United Kingdom","GBP"
"ATC","ALTICE EUROPE NV","Equity","0.03","2.90","330,301","956,552","956,551.70","Communication","NL0011333752","Euronext Amsterdam","Netherlands","EUR"
"MONY","MONEYSUPERMARKET.COM GROUP PLC","Equity","0.03","3.12","305,690","954,517","954,517.43","Consumer Discretionary","GB00B1ZBKY84","London Stock Exchange","United Kingdom","GBP"
"SAAB B","SAAB B","Equity","0.03","19.76","47,784","944,389","944,388.89","Industrials","SE0000112385","Nasdaq Omx Nordic","Sweden","SEK"
"SIG","SIGNATURE AVIATION PLC","Equity","0.02","2.28","406,733","927,546","927,545.86","Industrials","GB00BKDM7X41","London Stock Exchange","United Kingdom","GBP"
"PSM","PROSIEBEN SAT.1 MEDIA N","Equity","0.02","7.47","124,148","927,386","927,385.56","Communication","DE000PSM7770","Xetra","Germany","EUR"
"IPN","IPSEN SA","Equity","0.02","42.88","21,185","908,413","908,412.80","Health Care","FR0010259150","Nyse Euronext - Euronext Paris","France","EUR"
"A2A","A2A","Equity","0.02","1.01","899,069","904,014","904,013.88","Utilities","IT0001233417","Borsa Italiana","Italy","EUR"
"DOM","DOMETIC GROUPINARY SHARES","Equity","0.02","5.33","169,330","902,367","902,366.96","Consumer Discretionary","SE0007691613","Nasdaq Omx Nordic","Sweden","SEK"
"STB","STOREBRAND","Equity","0.02","3.31","269,348","892,225","892,224.80","Financials","NO0003053605","Oslo Bors Asa","Norway","NOK"
"SPIE","SPIE SA","Equity","0.02","12.11","73,617","891,502","891,501.87","Industrials","FR0012757854","Nyse Euronext - Euronext Paris","France","EUR"
"RMG","ROYAL MAIL PLC","Equity","0.02","1.55","572,997","890,701","890,701.01","Industrials","GB00BDVZYZ77","London Stock Exchange","United Kingdom","GBP"
"KGH","KGHM POLSKA MIEDZ SA","Equity","0.02","11.28","78,675","887,077","887,077.24","Materials","PLKGHM000017","Warsaw Stock Exchange/Equities/Main Market","Poland","PLN"
"SMWH","WH SMITH PLC","Equity","0.02","14.18","62,239","882,601","882,601.39","Consumer Discretionary","GB00B2PDGW16","London Stock Exchange","United Kingdom","GBP"
"LUN","H LUNDBECK","Equity","0.02","24.56","35,579","873,853","873,853.15","Health Care","DK0010287234","Omx Nordic Exchange Copenhagen A/S","Denmark","DKK"
"CO","CASINO GUICHARD PERRACHON SA","Equity","0.02","29.08","30,035","873,418","873,417.80","Consumer Staples","FR0000125585","Nyse Euronext - Euronext Paris","France","EUR"
"VOE","VOESTALPINE AG","Equity","0.02","13.04","64,919","846,544","846,543.76","Materials","AT0000937503","Wiener Boerse Ag","Austria","EUR"
"AMS","AMS AG","Equity","0.02","18.16","46,301","840,858","840,857.92","Information Technology","AT0000A18XM4","Six Swiss Exchange Ag","Switzerland","CHF"
"TOP","TOPDANMARK","Equity","0.02","30.48","27,435","836,275","836,274.80","Financials","DK0060477503","Omx Nordic Exchange Copenhagen A/S","Denmark","DKK"
"SCHA","SCHIBSTED CLASS A","Equity","0.02","18.29","45,626","834,406","834,406.29","Communication","NO0003028904","Oslo Bors Asa","Norway","NOK"
"MAP","MAPFRE SA","Equity","0.02","1.46","569,768","831,576","831,576.40","Financials","ES0124244E34","Bolsa De Madrid","Spain","EUR"
"FRA","FRAPORT FRANKFURT AIRPORT SERVICES","Equity","0.02","38.77","21,419","830,415","830,414.63","Industrials","DE0005773303","Xetra","Germany","EUR"
"CDI","CHRISTIAN DIOR","Equity","0.02","292.80","2,751","805,493","805,492.80","Consumer Discretionary","FR0000130403","Nyse Euronext - Euronext Paris","France","EUR"
"HOT","HOCHTIEF AG","Equity","0.02","60.70","13,175","799,723","799,722.50","Industrials","DE0006070006","Xetra","Germany","EUR"
"VMUK","VIRGIN MONEY UK PLC","Equity","0.02","1.12","712,627","797,483","797,483.42","Financials","GB00BD6GN030","London Stock Exchange","United Kingdom","GBP"
"CNP","CNP ASSURANCES SA","Equity","0.02","9.15","85,677","783,945","783,944.55","Financials","FR0000120222","Nyse Euronext - Euronext Paris","France","EUR"
"AGK","AGGREKO PLC","Equity","0.02","5.33","146,968","783,586","783,586.27","Industrials","GB00BK1PTB77","London Stock Exchange","United Kingdom","GBP"
"ETL","EUTELSAT COMMUNICATIONS SA","Equity","0.02","8.77","88,147","772,697","772,696.60","Communication","FR0010221234","Nyse Euronext - Euronext Paris","France","EUR"
"EVR","EVRAZ","Equity","0.02","2.30","334,202","769,327","769,326.91","Materials","GB00B71N6K86","London Stock Exchange","United Kingdom","GBP"
"HMSO","HAMMERSON REIT PLC","Equity","0.02","1.75","439,328","768,935","768,935.19","Real Estate","GB0004065016","London Stock Exchange","United Kingdom","GBP"
"SPL","SANTANDER BANK POLSKA SA","Equity","0.02","39.28","19,146","752,067","752,067.22","Financials","PLBZ00000044","Warsaw Stock Exchange/Equities/Main Market","Poland","PLN"
"DEC","JCDECAUX SA","Equity","0.02","17.41","42,865","746,280","746,279.65","Communication","FR0000077919","Nyse Euronext - Euronext Paris","France","EUR"
"B4B","METRO AG","Equity","0.02","7.64","96,271","735,318","735,317.90","Consumer Staples","DE000BFB0019","Xetra","Germany","EUR"
"HPOL B","HEXPOL CLASS B","Equity","0.02","4.95","148,156","734,067","734,066.95","Materials","SE0007074281","Nasdaq Omx Nordic","Sweden","SEK"
"TGS","TGS NOPEC GEOPHYSICAL","Equity","0.02","10.62","68,439","726,624","726,623.76","Energy","NO0003078800","Oslo Bors Asa","Norway","NOK"
"TNET","TELENET GROUP HOLDING NV","Equity","0.02","28.36","24,926","706,901","706,901.36","Communication","BE0003826436","Nyse Euronext - Euronext Brussels","Belgium","EUR"
"PIRC","PIRELLI & C","Equity","0.02","3.14","217,184","681,306","681,306.21","Consumer Discretionary","IT0005278236","Borsa Italiana","Italy","EUR"
"HLE","HELLA GMBH & CO KGAA","Equity","0.02","26.52","25,539","677,294","677,294.28","Consumer Discretionary","DE000A13SX22","Xetra","Germany","EUR"
"BKIA","BANKIA SA","Equity","0.02","0.98","668,404","657,308","657,308.49","Financials","ES0113307062","Bolsa De Madrid","Spain","EUR"
"OERL","OC OERLIKON CORPORATION AG","Equity","0.02","5.75","113,458","652,117","652,117.02","Industrials","CH0000816824","SIX Swiss Exchange","Switzerland","CHF"
"A5G","AIB GROUP","Equity","0.02","1.46","447,056","651,361","651,360.59","Financials","IE00BF0L3536","Irish Stock Exchange - All Market","Ireland","EUR"
"SPM","SAIPEM","Equity","0.02","1.95","329,465","642,621","642,621.48","Energy","IT0005252140","Borsa Italiana","Italy","EUR"
"MMB","LAGARDERE","Equity","0.02","10.45","59,686","623,719","623,718.70","Communication","FR0000130213","Nyse Euronext - Euronext Paris","France","EUR"
"JUP","JUPITER FUND MANAGEMENT PLC","Equity","0.02","2.39","260,363","623,514","623,513.50","Financials","GB00B53P2009","London Stock Exchange","United Kingdom","GBP"
"AKERBP","AKER BP","Equity","0.02","9.82","62,334","612,171","612,170.89","Energy","NO0010345853","Oslo Bors Asa","Norway","NOK"
"SUBC","SUBSEA SA","Equity","0.02","4.53","131,351","595,015","595,015.17","Energy","LU0075646355","Oslo Bors Asa","Norway","NOK"
"SDF","K+S AG","Equity","0.02","5.26","109,405","575,470","575,470.30","Materials","DE000KSAG888","Xetra","Germany","EUR"
"AF","AIR FRANCE-KLM SA","Equity","0.02","4.26","133,211","568,012","568,011.70","Industrials","FR0000031122","Nyse Euronext - Euronext Paris","France","EUR"
"CHF","CHF CASH","Cash","0.01","94.61","518,295","490,367","490,367.05","Cash and/or Derivatives","-","-","Switzerland","CHF"
"CPI","CAPITA PLC","Equity","0.01","0.46","961,748","446,051","446,050.65","Industrials","GB00B23K0M20","London Stock Exchange","United Kingdom","GBP"
"CINE","CINEWORLD GROUP PLC","Equity","0.01","0.76","564,697","428,195","428,194.63","Communication","GB00B15FWH70","London Stock Exchange","United Kingdom","GBP"
"DUFN","DUFRY AG","Equity","0.01","25.89","14,963","387,328","387,328.01","Consumer Discretionary","CH0023405456","SIX Swiss Exchange","Switzerland","CHF"
"NOK","NOK CASH","Cash","0.01","8.85","2,902,665","256,816","256,815.73","Cash and/or Derivatives","-","-","Norway","NOK"
"DKK","DKK CASH","Cash","0.01","13.38","1,702,692","227,838","227,838.10","Cash and/or Derivatives","-","-","Denmark","DKK"
"TLW","TULLOW OIL PLC","Equity","0.00","0.14","799,754","112,733","112,733.01","Energy","GB0001500809","London Stock Exchange","United Kingdom","GBP"
"SEK","SEK CASH","Cash","0.00","9.18","186,974","17,156","17,155.52","Cash and/or Derivatives","-","-","Sweden","SEK"
"NMC","NMC HEALTH PLC","Equity","0.00","0.00","49,640","1","0.56","Health Care","GB00B7FC0762","London Stock Exchange","United Kingdom","GBP"
"SXOH0","STOXX EUROPE 600 MAR 20","Futures","0.00","297.10","1,902","0","28,254,210.00","Cash and/or Derivatives","DE000C360RX2","Eurex Deutschland","European Union","EUR"
"MARGIN_EUR","FUTURES EUR MARGIN BALANCE","Cash Collateral and Margins","0.00","100.00","0","0","0.00","Cash and/or Derivatives","-","-","European Union","EUR"
"CZK","CZK CASH","Cash","0.00","3.81","0","0","0.00","Cash and/or Derivatives","-","-","Czech Republic","CZK"
"GBP","GBP/EUR","FX","0.00","1.00","-790,000","-24","-23.79","Cash and/or Derivatives","-","-","European Union","EUR"
"DKK","DKK/EUR","FX","0.00","1.00","-1,241,820","-3","-3.03","Cash and/or Derivatives","-","-","European Union","EUR"
"NOK","NOK/EUR","FX","0.00","1.00","-2,900,000","-2","-1.53","Cash and/or Derivatives","-","-","European Union","EUR"
"CHF","CHF/EUR","FX","0.00","1.00","-530,000","20","19.68","Cash and/or Derivatives","-","-","European Union","EUR"
"PLN","PLN CASH","Cash","0.00","22.82","0","0","0.06","Cash and/or Derivatives","-","-","Poland","PLN"
"ZAR","ZAR CASH","Cash","0.00","5.45","-4","0","-0.24","Cash and/or Derivatives","-","-","South Africa","ZAR"
 